<powerpagecomponent powerpagecomponentid="2c996cd3-97c6-4964-a49d-0e7baf4794e0">
  <content>{"enablerating":false,"enabletracking":false,"excludefromsearch":false,"feedbackpolicy":756150000,"hiddenfromsitemap":true,"isroot":false,"pagetemplateid":"b874cc79-e23c-4af3-a1e8-45d0df46024e","parentpageid":"ba638596-2b75-460e-aad9-2a159e3bea67","partialurl":"search","publishingstateid":"36d8adab-be31-44fd-a946-40c95bfe60df","rootwebpageid":"dde5df5d-46fa-46fd-afe8-65e3faf05c9b","sharedpageconfiguration":false}</content>
  <iscustomizable>1</iscustomizable>
  <name>Search</name>
  <powerpagecomponenttype>2</powerpagecomponenttype>
  <powerpagesiteid>
    <powerpagesiteid>5b95a69c-7e15-47d0-951f-adc69c2ed88a</powerpagesiteid>
  </powerpagesiteid>
  <powerpagesitelanguageid>
    <powerpagesitelanguageid>f7e87396-aeca-4c58-b332-ab35c2716385</powerpagesitelanguageid>
  </powerpagesitelanguageid>
  <searchcontent>Search</searchcontent>
  <statecode>0</statecode>
  <statuscode>1</statuscode>
</powerpagecomponent>