<powerpagecomponent powerpagecomponentid="202ddbde-241a-46ee-b4e9-a755617f5283">
  <content>{
  "filecontent": null,
  "displayorder": 6,
  "enablerating": false,
  "enabletracking": false,
  "excludefromsearch": false,
  "feedbackpolicy": 756150000,
  "hiddenfromsitemap": false,
  "isroot": true,
  "pagetemplateid": "92aa43c7-65c6-4b5b-8e24-f421212c8e02",
  "parentpageid": "ba638596-2b75-460e-aad9-2a159e3bea67",
  "partialurl": "page",
  "publishingstateid": "36d8adab-be31-44fd-a946-40c95bfe60df",
  "sharedpageconfiguration": false,
  "title": "Pages"
}</content>
  <iscustomizable>1</iscustomizable>
  <name>Prospective Student</name>
  <powerpagecomponenttype>2</powerpagecomponenttype>
  <powerpagesiteid>
    <powerpagesiteid>5b95a69c-7e15-47d0-951f-adc69c2ed88a</powerpagesiteid>
  </powerpagesiteid>
  <searchcontent>PagesProspective Student</searchcontent>
  <statecode>0</statecode>
  <statuscode>1</statuscode>
</powerpagecomponent>