<powerpagecomponent powerpagecomponentid="eef81472-3bfa-48df-b3fd-a56b3ec59399">
  <content>{"contentdisposition":756150000,"enabletracking":false,"excludefromsearch":false,"hiddenfromsitemap":false,"parentpageid":"ba638596-2b75-460e-aad9-2a159e3bea67","partialurl":"Graph-1.png","publishingstateid":"36d8adab-be31-44fd-a946-40c95bfe60df"}</content>
  <filecontent mimetype="application/octet-stream">Graph-1.png</filecontent>
  <iscustomizable>1</iscustomizable>
  <name>Graph-1.png</name>
  <powerpagecomponenttype>3</powerpagecomponenttype>
  <powerpagesiteid>
    <powerpagesiteid>5b95a69c-7e15-47d0-951f-adc69c2ed88a</powerpagesiteid>
  </powerpagesiteid>
  <statecode>0</statecode>
  <statuscode>1</statuscode>
</powerpagecomponent>