<powerpagecomponent powerpagecomponentid="4adc27e6-5299-6d33-0985-0860378a9b32">
  <content>{
  "filecontent": null,
  "displayorder": 5,
  "parentweblinkid": null,
  "weblinksetid": "dd1a6514-13cf-47af-a501-f92596b02835",
  "pageid": "d468222c-7699-992a-bf7b-787e6aa3819f",
  "publishingstateid": "36d8adab-be31-44fd-a946-40c95bfe60df",
  "displaypagevalidation": false,
  "displayimageonly": false,
  "displaypagechildlinks": false,
  "openinnewwindow": false,
  "robotsfollowlink": true
}</content>
  <iscustomizable>1</iscustomizable>
  <name>Case Overview-deleted</name>
  <powerpagecomponenttype>5</powerpagecomponenttype>
  <powerpagesiteid>
    <powerpagesiteid>5b95a69c-7e15-47d0-951f-adc69c2ed88a</powerpagesiteid>
  </powerpagesiteid>
  <statecode>1</statecode>
  <statuscode>2</statuscode>
</powerpagecomponent>