<powerpagecomponent powerpagecomponentid="0c2f879f-80d1-4748-b1c7-36c175d26f84">
  <content>{
  "filecontent": null,
  "entityname": "Web Students Form_Attachment",
  "entitylogicalname": "annotation",
  "scope": 756150003,
  "append": true,
  "appendto": true,
  "delete": false,
  "read": true,
  "create": true,
  "write": false,
  "parentrelationship": "rmb_student_Annotations",
  "parententitypermission": "3d8caa26-1267-4429-9692-aa3544e42b80",
  "contactrelationship": null,
  "accountrelationship": null,
  "childTablePermissions": [],
  "adx_entitypermission_webrole": [
    "3c8d68f1-22fc-408d-a1fc-1fda5830a546",
    "9f97d4d9-ad3b-4904-9707-57d05f9afd1b",
    "a60aa53b-54ea-405f-ae4a-d25e33596cc6"
  ]
}</content>
  <iscustomizable>1</iscustomizable>
  <name>Web Students Form_Attachment</name>
  <powerpagecomponenttype>18</powerpagecomponenttype>
  <powerpagesiteid>
    <powerpagesiteid>5b95a69c-7e15-47d0-951f-adc69c2ed88a</powerpagesiteid>
  </powerpagesiteid>
  <statecode>0</statecode>
  <statuscode>1</statuscode>
</powerpagecomponent>