{
  "properties": {
    "connectionReferences": {
      "shared_office365": {
        "runtimeSource": "embedded",
        "connection": {
          "connectionReferenceLogicalName": "rmb_sharedoffice365_23626"
        },
        "api": {
          "name": "shared_office365"
        }
      },
      "shared_commondataserviceforapps": {
        "runtimeSource": "embedded",
        "connection": {
          "connectionReferenceLogicalName": "rmb_sharedcommondataserviceforapps_643b8"
        },
        "api": {
          "name": "shared_commondataserviceforapps"
        }
      }
    },
    "definition": {
      "$schema": "https://schema.management.azure.com/providers/Microsoft.Logic/schemas/2016-06-01/workflowdefinition.json#",
      "contentVersion": "1.0.0.0",
      "parameters": {
        "$connections": {
          "defaultValue": {},
          "type": "Object"
        },
        "$authentication": {
          "defaultValue": {},
          "type": "SecureObject"
        }
      },
      "triggers": {
        "When_a_row_is_added,_modified_or_deleted": {
          "metadata": {
            "operationMetadataId": "a4de57bd-6c64-485a-9f5b-afaaf9159835"
          },
          "type": "OpenApiConnectionWebhook",
          "inputs": {
            "host": {
              "connectionName": "shared_commondataserviceforapps",
              "operationId": "SubscribeWebhookTrigger",
              "apiId": "/providers/Microsoft.PowerApps/apis/shared_commondataserviceforapps"
            },
            "parameters": {
              "subscriptionRequest/message": 1,
              "subscriptionRequest/entityname": "rmb_student",
              "subscriptionRequest/scope": 4
            },
            "authentication": "@parameters('$authentication')"
          }
        }
      },
      "actions": {
        "Send_an_email_(V2)": {
          "runAfter": {},
          "metadata": {
            "operationMetadataId": "a684fee3-19aa-4cb9-88dd-096f2c996080"
          },
          "type": "OpenApiConnection",
          "inputs": {
            "host": {
              "connectionName": "shared_office365",
              "operationId": "SendEmailV2",
              "apiId": "/providers/Microsoft.PowerApps/apis/shared_office365"
            },
            "parameters": {
              "emailMessage/To": "@triggerOutputs()?['body/rmb_email']",
              "emailMessage/Subject": "Application Notifcation.",
              "emailMessage/Body": "<p>Dear @{triggerOutputs()?['body/rmb_newcolumn']},<br>\n<br>\nI hope this finds you well.<br>\n<br>\nCongratulations on taking the first step on securing your future. please see you're pre-registration ID:@{triggerOutputs()?['body/rmb_portalregistrationid']}<br>\n<br>\nWe are curently reviewing your profile and would get back as soon as possible in 3 business days.<br>\n<br>\nBest Regards,&nbsp;</p>",
              "emailMessage/Cc": "berger@cloudplexogl.onmicrosoft.com",
              "emailMessage/Importance": "Normal"
            },
            "authentication": "@parameters('$authentication')"
          }
        }
      }
    },
    "templateName": ""
  },
  "schemaVersion": "1.0.0.0"
}