<powerpagecomponent powerpagecomponentid="f0b2a683-ce28-43f3-9aba-a0bc5bbaafb2">
  <content>{"display_name":"Header/Search/FilterLabel","type":756150000,"value":"Search Filter"}</content>
  <iscustomizable>1</iscustomizable>
  <name>Header/Search/FilterLabel</name>
  <powerpagecomponenttype>7</powerpagecomponenttype>
  <powerpagesiteid>
    <powerpagesiteid>5b95a69c-7e15-47d0-951f-adc69c2ed88a</powerpagesiteid>
  </powerpagesiteid>
  <powerpagesitelanguageid>
    <powerpagesitelanguageid>f7e87396-aeca-4c58-b332-ab35c2716385</powerpagesitelanguageid>
  </powerpagesitelanguageid>
  <statecode>0</statecode>
  <statuscode>1</statuscode>
</powerpagecomponent>