<powerpagecomponent powerpagecomponentid="e1dbe65b-7105-4e29-a3e6-be5d55176971">
  <content>{"contentdisposition":756150000,"enabletracking":false,"excludefromsearch":false,"hiddenfromsitemap":false,"parentpageid":"ba638596-2b75-460e-aad9-2a159e3bea67","partialurl":"Circle-1.png","publishingstateid":"36d8adab-be31-44fd-a946-40c95bfe60df"}</content>
  <filecontent mimetype="application/octet-stream">Circle-1.png</filecontent>
  <iscustomizable>1</iscustomizable>
  <name>Circle-1.png</name>
  <powerpagecomponenttype>3</powerpagecomponenttype>
  <powerpagesiteid>
    <powerpagesiteid>5b95a69c-7e15-47d0-951f-adc69c2ed88a</powerpagesiteid>
  </powerpagesiteid>
  <statecode>0</statecode>
  <statuscode>1</statuscode>
</powerpagecomponent>