<powerpagecomponent powerpagecomponentid="cd2ba95e-55a2-4805-9d6c-2132e1c30fbf">
  <content>{
  "filecontent": null,
  "disablepagevalidation": false,
  "displayimageonly": false,
  "displayorder": 7,
  "displaypagechildlinks": false,
  "openinnewwindow": false,
  "pageid": "46918265-e6d8-49dc-ad56-daf5075d5e4b",
  "publishingstateid": "36d8adab-be31-44fd-a946-40c95bfe60df",
  "robotsfollowlink": true,
  "weblinksetid": "dd1a6514-13cf-47af-a501-f92596b02835",
  "parentweblinkid": null
}</content>
  <iscustomizable>1</iscustomizable>
  <name>Contact us</name>
  <powerpagecomponenttype>5</powerpagecomponenttype>
  <powerpagesiteid>
    <powerpagesiteid>5b95a69c-7e15-47d0-951f-adc69c2ed88a</powerpagesiteid>
  </powerpagesiteid>
  <statecode>0</statecode>
  <statuscode>1</statuscode>
</powerpagecomponent>