<powerpagecomponent powerpagecomponentid="fe23ed3a-4932-f011-8c4d-7c1e524dc0c9">
  <content>{"botschemaname":"cr560_c2e7b8fa-6fbc-47e5-a619-7a58904d7233","configjson":"{\"skillConfigViewName\":\"Site 1 bot Answers\"}"}</content>
  <iscustomizable>1</iscustomizable>
  <name>Bot Consumer</name>
  <powerpagecomponenttype>27</powerpagecomponenttype>
  <powerpagesiteid>
    <powerpagesiteid>5b95a69c-7e15-47d0-951f-adc69c2ed88a</powerpagesiteid>
  </powerpagesiteid>
  <statecode>0</statecode>
  <statuscode>1</statuscode>
</powerpagecomponent>