<powerpagecomponent powerpagecomponentid="445bb32c-8f66-4251-858c-ef22391bef3d">
  <content>{"adx_entitypermission_webrole":["9f97d4d9-ad3b-4904-9707-57d05f9afd1b","a60aa53b-54ea-405f-ae4a-d25e33596cc6","3c8d68f1-22fc-408d-a1fc-1fda5830a546"],"append":false,"appendto":false,"create":true,"delete":false,"entitylogicalname":"feedback","entityname":"Feedback","read":false,"scope":756150000,"write":false}</content>
  <iscustomizable>1</iscustomizable>
  <name>Feedback</name>
  <powerpagecomponenttype>18</powerpagecomponenttype>
  <powerpagesiteid>
    <powerpagesiteid>5b95a69c-7e15-47d0-951f-adc69c2ed88a</powerpagesiteid>
  </powerpagesiteid>
  <statecode>0</statecode>
  <statuscode>1</statuscode>
</powerpagecomponent>