<powerpagecomponent powerpagecomponentid="2747a6ac-0058-4792-b7d2-5b501aaa6e13">
  <content>{
  "entityname": "Information",
  "entitylogicalname": "incident",
  "scope": 756150000,
  "append": false,
  "appendto": false,
  "delete": false,
  "read": true,
  "create": true,
  "write": false,
  "parentrelationship": null,
  "parententitypermission": null,
  "contactrelationship": null,
  "accountrelationship": null,
  "childTablePermissions": [],
  "adx_entitypermission_webrole": [
    "3c8d68f1-22fc-408d-a1fc-1fda5830a546",
    "9f97d4d9-ad3b-4904-9707-57d05f9afd1b",
    "a60aa53b-54ea-405f-ae4a-d25e33596cc6"
  ]
}</content>
  <iscustomizable>1</iscustomizable>
  <name>Information</name>
  <powerpagecomponenttype>18</powerpagecomponenttype>
  <powerpagesiteid>
    <powerpagesiteid>5b95a69c-7e15-47d0-951f-adc69c2ed88a</powerpagesiteid>
  </powerpagesiteid>
  <statecode>0</statecode>
  <statuscode>1</statuscode>
</powerpagecomponent>