<powerpagecomponent powerpagecomponentid="e3d46020-58a8-4654-9680-706f7f9f0c95">
  <content>{"display_name":"Search/Facet/Modified Date","type":756150000,"value":"Modified date"}</content>
  <iscustomizable>1</iscustomizable>
  <name>Search/Facet/ModifiedDate</name>
  <powerpagecomponenttype>7</powerpagecomponenttype>
  <powerpagesiteid>
    <powerpagesiteid>5b95a69c-7e15-47d0-951f-adc69c2ed88a</powerpagesiteid>
  </powerpagesiteid>
  <powerpagesitelanguageid>
    <powerpagesitelanguageid>f7e87396-aeca-4c58-b332-ab35c2716385</powerpagesitelanguageid>
  </powerpagesitelanguageid>
  <statecode>0</statecode>
  <statuscode>1</statuscode>
</powerpagecomponent>