<powerpagecomponent powerpagecomponentid="ba9c4430-e321-4318-8d0b-831446e3c9b5">
  <content>{"createdOn":"2025-05-16T11:49:24.271Z","parentpageid":"ba638596-2b75-460e-aad9-2a159e3bea67","publishingstateid":"36d8adab-be31-44fd-a946-40c95bfe60df","partialurl":"kpmg.png","title":"","summary":"","enabletracking":false,"excludefromsearch":false,"hiddenfromsitemap":false}</content>
  <filecontent mimetype="image/png">kpmg.png</filecontent>
  <iscustomizable>1</iscustomizable>
  <name>kpmg.png</name>
  <powerpagecomponenttype>3</powerpagecomponenttype>
  <powerpagesiteid>
    <powerpagesiteid>5b95a69c-7e15-47d0-951f-adc69c2ed88a</powerpagesiteid>
  </powerpagesiteid>
  <statecode>0</statecode>
  <statuscode>1</statuscode>
</powerpagecomponent>