<ImportExportXml version="9.2.25044.196" SolutionPackageVersion="9.2" languagecode="1033" generatedBy="CrmLive" xmlns:xsi="http://www.w3.org/2001/XMLSchema-instance" OrganizationVersion="9.2.25044.196" OrganizationSchemaType="Full" CRMServerServiceabilityVersion="9.2.25044.00196">
  <SolutionManifest>
    <UniqueName>Webportalsolution</UniqueName>
    <LocalizedNames>
      <LocalizedName description="Webportal solution" languagecode="1033" />
    </LocalizedNames>
    <Descriptions />
    <Version>1.0.0.2</Version>
    <Managed>0</Managed>
    <Publisher>
      <UniqueName>mariam</UniqueName>
      <LocalizedNames>
        <LocalizedName description="mariam" languagecode="1033" />
      </LocalizedNames>
      <Descriptions />
      <EMailAddress xsi:nil="true"></EMailAddress>
      <SupportingWebsiteUrl xsi:nil="true"></SupportingWebsiteUrl>
      <CustomizationPrefix>rmb</CustomizationPrefix>
      <CustomizationOptionValuePrefix>91255</CustomizationOptionValuePrefix>
      <Addresses>
        <Address>
          <AddressNumber>1</AddressNumber>
          <AddressTypeCode>1</AddressTypeCode>
          <City xsi:nil="true"></City>
          <County xsi:nil="true"></County>
          <Country xsi:nil="true"></Country>
          <Fax xsi:nil="true"></Fax>
          <FreightTermsCode xsi:nil="true"></FreightTermsCode>
          <ImportSequenceNumber xsi:nil="true"></ImportSequenceNumber>
          <Latitude xsi:nil="true"></Latitude>
          <Line1 xsi:nil="true"></Line1>
          <Line2 xsi:nil="true"></Line2>
          <Line3 xsi:nil="true"></Line3>
          <Longitude xsi:nil="true"></Longitude>
          <Name xsi:nil="true"></Name>
          <PostalCode xsi:nil="true"></PostalCode>
          <PostOfficeBox xsi:nil="true"></PostOfficeBox>
          <PrimaryContactName xsi:nil="true"></PrimaryContactName>
          <ShippingMethodCode>1</ShippingMethodCode>
          <StateOrProvince xsi:nil="true"></StateOrProvince>
          <Telephone1 xsi:nil="true"></Telephone1>
          <Telephone2 xsi:nil="true"></Telephone2>
          <Telephone3 xsi:nil="true"></Telephone3>
          <TimeZoneRuleVersionNumber xsi:nil="true"></TimeZoneRuleVersionNumber>
          <UPSZone xsi:nil="true"></UPSZone>
          <UTCOffset xsi:nil="true"></UTCOffset>
          <UTCConversionTimeZoneCode xsi:nil="true"></UTCConversionTimeZoneCode>
        </Address>
        <Address>
          <AddressNumber>2</AddressNumber>
          <AddressTypeCode>1</AddressTypeCode>
          <City xsi:nil="true"></City>
          <County xsi:nil="true"></County>
          <Country xsi:nil="true"></Country>
          <Fax xsi:nil="true"></Fax>
          <FreightTermsCode xsi:nil="true"></FreightTermsCode>
          <ImportSequenceNumber xsi:nil="true"></ImportSequenceNumber>
          <Latitude xsi:nil="true"></Latitude>
          <Line1 xsi:nil="true"></Line1>
          <Line2 xsi:nil="true"></Line2>
          <Line3 xsi:nil="true"></Line3>
          <Longitude xsi:nil="true"></Longitude>
          <Name xsi:nil="true"></Name>
          <PostalCode xsi:nil="true"></PostalCode>
          <PostOfficeBox xsi:nil="true"></PostOfficeBox>
          <PrimaryContactName xsi:nil="true"></PrimaryContactName>
          <ShippingMethodCode>1</ShippingMethodCode>
          <StateOrProvince xsi:nil="true"></StateOrProvince>
          <Telephone1 xsi:nil="true"></Telephone1>
          <Telephone2 xsi:nil="true"></Telephone2>
          <Telephone3 xsi:nil="true"></Telephone3>
          <TimeZoneRuleVersionNumber xsi:nil="true"></TimeZoneRuleVersionNumber>
          <UPSZone xsi:nil="true"></UPSZone>
          <UTCOffset xsi:nil="true"></UTCOffset>
          <UTCConversionTimeZoneCode xsi:nil="true"></UTCConversionTimeZoneCode>
        </Address>
      </Addresses>
    </Publisher>
    <RootComponents>
      <RootComponent type="1" schemaName="lead" behavior="2" />
      <RootComponent type="1" schemaName="rmb_onboarding" behavior="0" />
      <RootComponent type="1" schemaName="rmb_programs" behavior="0" />
      <RootComponent type="1" schemaName="rmb_student" behavior="0" />
      <RootComponent type="9" schemaName="rmb_admissionstatus" behavior="0" />
      <RootComponent type="61" schemaName="crae2_makeFormReadOnly" behavior="0" />
      <RootComponent type="61" schemaName="crae2_markRecordAsRead" behavior="0" />
      <RootComponent type="61" schemaName="crae2_updateSelectedDocumentCount" behavior="0" />
    </RootComponents>
    <MissingDependencies>
      <MissingDependency>
        <Required type="1" schemaName="lead" displayName="Prospect " solution="msdynce_LeadManagement (9.0.4.0066)">
          <package appName="msdynce_LeadManagement" version="9.0.25041.10001">msdynce_LeadManagementAnchor (9.0.25041.10001)</package>
        </Required>
        <Dependent type="1" schemaName="lead" displayName="Prospect " />
      </MissingDependency>
      <MissingDependency>
        <Required type="1" schemaName="rmb_student" displayName="Student" solution="ProspectsStudentsOnboardingHub (1.0.0.1)" />
        <Dependent type="1" schemaName="rmb_student" displayName="Student" />
      </MissingDependency>
      <MissingDependency>
        <Required type="1" schemaName="rmb_studentsonboarding" displayName="Students Onboarding" solution="ProspectsStudentsOnboardingHub (1.0.0.1)" />
        <Dependent type="1" schemaName="rmb_student" displayName="Student" />
      </MissingDependency>
      <MissingDependency>
        <Required type="2" schemaName="address1_city" displayName="City" parentSchemaName="lead" parentDisplayName="Prospect " solution="msdynce_LeadManagement (9.0.4.0066)">
          <package appName="msdynce_LeadManagement" version="9.0.25041.10001">msdynce_LeadManagementAnchor (9.0.25041.10001)</package>
        </Required>
        <Dependent type="60" displayName="Web Information Form" parentDisplayName="Prospect " id="{8692eed4-4f32-f011-8c4e-002248851227}" />
      </MissingDependency>
      <MissingDependency>
        <Required type="2" schemaName="address1_country" displayName="Country/Region" parentSchemaName="lead" parentDisplayName="Prospect " solution="msdynce_LeadManagement (9.0.4.0066)">
          <package appName="msdynce_LeadManagement" version="9.0.25041.10001">msdynce_LeadManagementAnchor (9.0.25041.10001)</package>
        </Required>
        <Dependent type="60" displayName="Web Information Form" parentDisplayName="Prospect " id="{8692eed4-4f32-f011-8c4e-002248851227}" />
      </MissingDependency>
      <MissingDependency>
        <Required type="2" schemaName="campaignid" displayName="Source Campaign" parentSchemaName="lead" parentDisplayName="Prospect " solution="msdynce_Marketing (9.0.4.37)">
          <package appName="msdynce_Marketing" version="9.0.25041.10001">msdynce_MarketingAnchor (9.0.25041.10001)</package>
        </Required>
        <Dependent type="60" displayName="Web Information Form" parentDisplayName="Prospect " id="{8692eed4-4f32-f011-8c4e-002248851227}" />
      </MissingDependency>
      <MissingDependency>
        <Required type="2" schemaName="description" displayName="Description" parentSchemaName="lead" parentDisplayName="Prospect " solution="msdynce_LeadManagement (9.0.4.0066)">
          <package appName="msdynce_LeadManagement" version="9.0.25041.10001">msdynce_LeadManagementAnchor (9.0.25041.10001)</package>
        </Required>
        <Dependent type="60" displayName="Web Information Form" parentDisplayName="Prospect " id="{8692eed4-4f32-f011-8c4e-002248851227}" />
      </MissingDependency>
      <MissingDependency>
        <Required type="2" schemaName="donotbulkemail" displayName="Do not allow Bulk Emails" parentSchemaName="lead" parentDisplayName="Prospect " solution="msdynce_LeadManagement (9.0.4.0066)">
          <package appName="msdynce_LeadManagement" version="9.0.25041.10001">msdynce_LeadManagementAnchor (9.0.25041.10001)</package>
        </Required>
        <Dependent type="60" displayName="Web Information Form" parentDisplayName="Prospect " id="{8692eed4-4f32-f011-8c4e-002248851227}" />
      </MissingDependency>
      <MissingDependency>
        <Required type="2" schemaName="donotemail" displayName="Do not allow Emails" parentSchemaName="lead" parentDisplayName="Prospect " solution="msdynce_LeadManagement (9.0.4.0066)">
          <package appName="msdynce_LeadManagement" version="9.0.25041.10001">msdynce_LeadManagementAnchor (9.0.25041.10001)</package>
        </Required>
        <Dependent type="60" displayName="Web Information Form" parentDisplayName="Prospect " id="{8692eed4-4f32-f011-8c4e-002248851227}" />
      </MissingDependency>
      <MissingDependency>
        <Required type="2" schemaName="donotfax" displayName="Do not allow Faxes" parentSchemaName="lead" parentDisplayName="Prospect " solution="msdynce_LeadManagement (9.0.4.0066)">
          <package appName="msdynce_LeadManagement" version="9.0.25041.10001">msdynce_LeadManagementAnchor (9.0.25041.10001)</package>
        </Required>
        <Dependent type="60" displayName="Web Information Form" parentDisplayName="Prospect " id="{8692eed4-4f32-f011-8c4e-002248851227}" />
      </MissingDependency>
      <MissingDependency>
        <Required type="2" schemaName="donotphone" displayName="Do not allow Phone Calls" parentSchemaName="lead" parentDisplayName="Prospect " solution="msdynce_LeadManagement (9.0.4.0066)">
          <package appName="msdynce_LeadManagement" version="9.0.25041.10001">msdynce_LeadManagementAnchor (9.0.25041.10001)</package>
        </Required>
        <Dependent type="60" displayName="Web Information Form" parentDisplayName="Prospect " id="{8692eed4-4f32-f011-8c4e-002248851227}" />
      </MissingDependency>
      <MissingDependency>
        <Required type="2" schemaName="donotpostalmail" displayName="Do not allow Mails" parentSchemaName="lead" parentDisplayName="Prospect " solution="msdynce_LeadManagement (9.0.4.0066)">
          <package appName="msdynce_LeadManagement" version="9.0.25041.10001">msdynce_LeadManagementAnchor (9.0.25041.10001)</package>
        </Required>
        <Dependent type="60" displayName="Web Information Form" parentDisplayName="Prospect " id="{8692eed4-4f32-f011-8c4e-002248851227}" />
      </MissingDependency>
      <MissingDependency>
        <Required type="2" schemaName="donotsendmm" displayName="Marketing Material" parentSchemaName="lead" parentDisplayName="Prospect " solution="msdynce_LeadManagement (9.0.4.0066)">
          <package appName="msdynce_LeadManagement" version="9.0.25041.10001">msdynce_LeadManagementAnchor (9.0.25041.10001)</package>
        </Required>
        <Dependent type="60" displayName="Web Information Form" parentDisplayName="Prospect " id="{8692eed4-4f32-f011-8c4e-002248851227}" />
      </MissingDependency>
      <MissingDependency>
        <Required type="2" schemaName="emailaddress1" displayName="Email" parentSchemaName="lead" parentDisplayName="Prospect " solution="msdynce_LeadManagement (9.0.4.0066)">
          <package appName="msdynce_LeadManagement" version="9.0.25041.10001">msdynce_LeadManagementAnchor (9.0.25041.10001)</package>
        </Required>
        <Dependent type="60" displayName="Web Information Form" parentDisplayName="Prospect " id="{8692eed4-4f32-f011-8c4e-002248851227}" />
      </MissingDependency>
      <MissingDependency>
        <Required type="2" schemaName="firstname" displayName="First Name" parentSchemaName="lead" parentDisplayName="Prospect " solution="msdynce_LeadManagement (9.0.4.0066)">
          <package appName="msdynce_LeadManagement" version="9.0.25041.10001">msdynce_LeadManagementAnchor (9.0.25041.10001)</package>
        </Required>
        <Dependent type="60" displayName="Web Information Form" parentDisplayName="Prospect " id="{8692eed4-4f32-f011-8c4e-002248851227}" />
      </MissingDependency>
      <MissingDependency>
        <Required type="2" schemaName="followemail" displayName="Follow Email Activity" parentSchemaName="lead" parentDisplayName="Prospect " solution="msdynce_LeadManagement (9.0.4.0066)">
          <package appName="msdynce_LeadManagement" version="9.0.25041.10001">msdynce_LeadManagementAnchor (9.0.25041.10001)</package>
        </Required>
        <Dependent type="60" displayName="Web Information Form" parentDisplayName="Prospect " id="{8692eed4-4f32-f011-8c4e-002248851227}" />
      </MissingDependency>
      <MissingDependency>
        <Required type="2" schemaName="lastname" displayName="Last Name" parentSchemaName="lead" parentDisplayName="Prospect " solution="msdynce_LeadManagement (9.0.4.0066)">
          <package appName="msdynce_LeadManagement" version="9.0.25041.10001">msdynce_LeadManagementAnchor (9.0.25041.10001)</package>
        </Required>
        <Dependent type="60" displayName="Web Information Form" parentDisplayName="Prospect " id="{8692eed4-4f32-f011-8c4e-002248851227}" />
      </MissingDependency>
      <MissingDependency>
        <Required type="2" schemaName="lastusedincampaign" displayName="Last Campaign Date" parentSchemaName="lead" parentDisplayName="Prospect " solution="msdynce_LeadManagement (9.0.4.0066)">
          <package appName="msdynce_LeadManagement" version="9.0.25041.10001">msdynce_LeadManagementAnchor (9.0.25041.10001)</package>
        </Required>
        <Dependent type="60" displayName="Web Information Form" parentDisplayName="Prospect " id="{8692eed4-4f32-f011-8c4e-002248851227}" />
      </MissingDependency>
      <MissingDependency>
        <Required type="2" schemaName="leadqualitycode" displayName="Rating" parentSchemaName="lead" parentDisplayName="Prospect " solution="msdynce_LeadManagement (9.0.4.0066)">
          <package appName="msdynce_LeadManagement" version="9.0.25041.10001">msdynce_LeadManagementAnchor (9.0.25041.10001)</package>
        </Required>
        <Dependent type="60" displayName="Web Information Form" parentDisplayName="Prospect " id="{8692eed4-4f32-f011-8c4e-002248851227}" />
      </MissingDependency>
      <MissingDependency>
        <Required type="2" schemaName="leadsourcecode" displayName="Lead Source" parentSchemaName="lead" parentDisplayName="Prospect " solution="msdynce_LeadManagement (9.0.4.0066)">
          <package appName="msdynce_LeadManagement" version="9.0.25041.10001">msdynce_LeadManagementAnchor (9.0.25041.10001)</package>
        </Required>
        <Dependent type="60" displayName="Web Information Form" parentDisplayName="Prospect " id="{8692eed4-4f32-f011-8c4e-002248851227}" />
      </MissingDependency>
      <MissingDependency>
        <Required type="2" schemaName="mobilephone" displayName="Mobile Phone" parentSchemaName="lead" parentDisplayName="Prospect " solution="msdynce_LeadManagement (9.0.4.0066)">
          <package appName="msdynce_LeadManagement" version="9.0.25041.10001">msdynce_LeadManagementAnchor (9.0.25041.10001)</package>
        </Required>
        <Dependent type="60" displayName="Web Information Form" parentDisplayName="Prospect " id="{8692eed4-4f32-f011-8c4e-002248851227}" />
      </MissingDependency>
      <MissingDependency>
        <Required type="2" schemaName="ownerid" displayName="Owner" parentSchemaName="lead" parentDisplayName="Prospect " solution="msdynce_LeadManagement (9.0.4.0066)">
          <package appName="msdynce_LeadManagement" version="9.0.25041.10001">msdynce_LeadManagementAnchor (9.0.25041.10001)</package>
        </Required>
        <Dependent type="60" displayName="Web Information Form" parentDisplayName="Prospect " id="{8692eed4-4f32-f011-8c4e-002248851227}" />
      </MissingDependency>
      <MissingDependency>
        <Required type="2" schemaName="preferredcontactmethodcode" displayName="Preferred Method of Contact" parentSchemaName="lead" parentDisplayName="Prospect " solution="msdynce_LeadManagement (9.0.4.0066)">
          <package appName="msdynce_LeadManagement" version="9.0.25041.10001">msdynce_LeadManagementAnchor (9.0.25041.10001)</package>
        </Required>
        <Dependent type="60" displayName="Web Information Form" parentDisplayName="Prospect " id="{8692eed4-4f32-f011-8c4e-002248851227}" />
      </MissingDependency>
      <MissingDependency>
        <Required type="2" schemaName="statuscode" displayName="Status Reason" parentSchemaName="lead" parentDisplayName="Prospect " solution="msdynce_LeadManagement (9.0.4.0066)">
          <package appName="msdynce_LeadManagement" version="9.0.25041.10001">msdynce_LeadManagementAnchor (9.0.25041.10001)</package>
        </Required>
        <Dependent type="60" displayName="Web Information Form" parentDisplayName="Prospect " id="{8692eed4-4f32-f011-8c4e-002248851227}" />
      </MissingDependency>
      <MissingDependency>
        <Required type="2" schemaName="subject" displayName="Topic" parentSchemaName="lead" parentDisplayName="Prospect " solution="msdynce_LeadManagement (9.0.4.0066)">
          <package appName="msdynce_LeadManagement" version="9.0.25041.10001">msdynce_LeadManagementAnchor (9.0.25041.10001)</package>
        </Required>
        <Dependent type="60" displayName="Web Information Form" parentDisplayName="Prospect " id="{8692eed4-4f32-f011-8c4e-002248851227}" />
      </MissingDependency>
      <MissingDependency>
        <Required type="61" schemaName="msdyn_/ActivityFeeds.Form.js" displayName="msdyn_/ActivityFeeds.Form.js" solution="ActivityFeedsCore (9.0.0.0011)">
          <package appName="ActivityFeedsCore" version="9.0.0.0011">ActivityFeedsCore (9.0.0.0011)</package>
        </Required>
        <Dependent type="60" displayName="Web Information Form" parentDisplayName="Prospect " id="{8692eed4-4f32-f011-8c4e-002248851227}" />
      </MissingDependency>
      <MissingDependency>
        <Required type="66" schemaName="MscrmControls.ActivityCalendarControl.ActivityCalendarControl" displayName="MscrmControls.ActivityCalendarControl.ActivityCalendarControl" solution="msdyn_UCICalendar (1.0.0.6607)">
          <package appName="msdyn_CustomControlsExtended" version="1.25044.5.3728">msdyn_TimelineExtended (1.25044.5.3728)</package>
        </Required>
        <Dependent type="60" displayName="Students Form" parentDisplayName="Student" id="{2a5dc8a0-6732-f011-8c4d-6045bd9aea7b}" />
      </MissingDependency>
      <MissingDependency>
        <Required type="66" schemaName="MscrmControls.FieldControls.OptionSetWrapper" displayName="MscrmControls.FieldControls.OptionSetWrapper" solution="msdyn_ModernCaseManagement (9.0.25042.2007)">
          <package appName="ServiceExtended" version="9.0.25042.2007">msdyn_ServiceExtendedAnchor (9.0.25042.2007)</package>
        </Required>
        <Dependent type="60" displayName="Students Form" parentDisplayName="Student" id="{2a5dc8a0-6732-f011-8c4d-6045bd9aea7b}" />
      </MissingDependency>
      <MissingDependency>
        <Required type="66" schemaName="MscrmControls.FieldControls.ToggleControl" displayName="MscrmControls.FieldControls.ToggleControl" solution="BaseCustomControlsCore (9.0.2504.4015)">
          <package appName="Base Custom Controls" version="9.0.2504.4015">BaseCustomControlsCore (9.0.2504.4015)</package>
        </Required>
        <Dependent type="60" displayName="Students Form" parentDisplayName="Student" id="{2a5dc8a0-6732-f011-8c4d-6045bd9aea7b}" />
      </MissingDependency>
      <MissingDependency>
        <Required type="66" schemaName="MscrmControls.Grid.GridControl" displayName="MscrmControls.Grid.GridControl" solution="BaseCustomControlsCore (9.0.2504.4015)">
          <package appName="Base Custom Controls" version="9.0.2504.4015">BaseCustomControlsCore (9.0.2504.4015)</package>
        </Required>
        <Dependent type="60" displayName="Students Form" parentDisplayName="Student" id="{2a5dc8a0-6732-f011-8c4d-6045bd9aea7b}" />
      </MissingDependency>
      <MissingDependency>
        <Required type="9" schemaName="rmb_programofinterest" displayName="Program of Interest" solution="ProspectsStudentsOnboardingHub (1.0.0.1)" />
        <Dependent type="2" schemaName="rmb_programofinterest" displayName="Program of Interest" parentSchemaName="rmb_student" parentDisplayName="Student" />
      </MissingDependency>
      <MissingDependency>
        <Required type="9" schemaName="rmb_student_rmb_admissionstatus" displayName="Admission Status" solution="ProspectsStudentsOnboardingHub (1.0.0.1)" />
        <Dependent type="9" schemaName="rmb_student_rmb_admissionstatus" displayName="Admission Status" />
      </MissingDependency>
      <MissingDependency>
        <Required type="9" schemaName="rmb_student_rmb_sendemail" displayName="Send Email " solution="ProspectsStudentsOnboardingHub (1.0.0.1)" />
        <Dependent type="9" schemaName="rmb_student_rmb_sendemail" displayName="Send Email " />
      </MissingDependency>
      <MissingDependency>
        <Required type="9" schemaName="rmb_student_statecode" displayName="Status" solution="ProspectsStudentsOnboardingHub (1.0.0.1)" />
        <Dependent type="9" schemaName="rmb_student_statecode" displayName="Status" />
      </MissingDependency>
      <MissingDependency>
        <Required type="9" schemaName="rmb_student_statuscode" displayName="Status Reason" solution="ProspectsStudentsOnboardingHub (1.0.0.1)" />
        <Dependent type="9" schemaName="rmb_student_statuscode" displayName="Status Reason" />
      </MissingDependency>
    </MissingDependencies>
  </SolutionManifest>
</ImportExportXml>