<powerpagecomponent powerpagecomponentid="f212b427-3bb2-44d7-b82e-dddbb5803bab">
  <content>{
  "filecontent": null,
  "display_name": "Logo URL",
  "type": 756150000,
  "value": "/kpmg.png"
}</content>
  <iscustomizable>1</iscustomizable>
  <name>Logo URL</name>
  <powerpagecomponenttype>7</powerpagecomponenttype>
  <powerpagesiteid>
    <powerpagesiteid>5b95a69c-7e15-47d0-951f-adc69c2ed88a</powerpagesiteid>
  </powerpagesiteid>
  <powerpagesitelanguageid>
    <powerpagesitelanguageid>f7e87396-aeca-4c58-b332-ab35c2716385</powerpagesitelanguageid>
  </powerpagesitelanguageid>
  <statecode>0</statecode>
  <statuscode>1</statuscode>
</powerpagecomponent>