<powerpagecomponent powerpagecomponentid="5ce2f22d-78ee-4494-a066-3332124bbcfb">
  <content>{"display_name":"Search/Facet/Less","type":756150000,"value":"Show less"}</content>
  <iscustomizable>1</iscustomizable>
  <name>Search/Facet/Less</name>
  <powerpagecomponenttype>7</powerpagecomponenttype>
  <powerpagesiteid>
    <powerpagesiteid>5b95a69c-7e15-47d0-951f-adc69c2ed88a</powerpagesiteid>
  </powerpagesiteid>
  <powerpagesitelanguageid>
    <powerpagesitelanguageid>f7e87396-aeca-4c58-b332-ab35c2716385</powerpagesitelanguageid>
  </powerpagesitelanguageid>
  <statecode>0</statecode>
  <statuscode>1</statuscode>
</powerpagecomponent>