<powerpagecomponent powerpagecomponentid="d6389ea6-88e6-46ca-a18f-e923d30c138a">
  <content>{"display_name":"Search/Facet/Sort Order/Average User Rating","type":756150000,"value":"Average User Ratings"}</content>
  <iscustomizable>1</iscustomizable>
  <name>Search/Facet/SortOrder/AverageUserRating</name>
  <powerpagecomponenttype>7</powerpagecomponenttype>
  <powerpagesiteid>
    <powerpagesiteid>5b95a69c-7e15-47d0-951f-adc69c2ed88a</powerpagesiteid>
  </powerpagesiteid>
  <powerpagesitelanguageid>
    <powerpagesitelanguageid>f7e87396-aeca-4c58-b332-ab35c2716385</powerpagesitelanguageid>
  </powerpagesitelanguageid>
  <statecode>0</statecode>
  <statuscode>1</statuscode>
</powerpagecomponent>