<ImportExportXml xmlns:xsi="http://www.w3.org/2001/XMLSchema-instance" OrganizationVersion="9.2.25044.196" OrganizationSchemaType="Full" CRMServerServiceabilityVersion="9.2.25044.00196">
  <Entities></Entities>
  <Roles>
    <Role id="{09f3109a-d433-f011-8c4c-6045bd0da0de}" name="Student Onboarding Role">
      <IsCustomizable>1</IsCustomizable>
      <IsAutoAssigned>0</IsAutoAssigned>
      <RolePrivileges>
        <RolePrivilege name="prvActivateSynchronousWorkflow" level="Basic" />
        <RolePrivilege name="prvAddressBook" level="Global" />
        <RolePrivilege name="prvAppendAccount" level="Local" />
        <RolePrivilege name="prvAppendActionCard" level="Basic" />
        <RolePrivilege name="prvAppendActivity" level="Global" />
        <RolePrivilege name="prvAppendArticle" level="Global" />
        <RolePrivilege name="prvAppendCalendar" level="Local" />
        <RolePrivilege name="prvAppendCategory" level="Global" />
        <RolePrivilege name="prvAppendChannelPropertyGroup" level="Global" />
        <RolePrivilege name="prvAppendCompetitor" level="Global" />
        <RolePrivilege name="prvAppendConnection" level="Global" />
        <RolePrivilege name="prvAppendContact" level="Global" />
        <RolePrivilege name="prvAppendConvertRule" level="Global" />
        <RolePrivilege name="prvAppendCustomerOpportunityRole" level="Global" />
        <RolePrivilege name="prvAppendCustomerRelationship" level="Global" />
        <RolePrivilege name="prvAppendDynamicProperty" level="Global" />
        <RolePrivilege name="prvAppendDynamicPropertyAssociation" level="Global" />
        <RolePrivilege name="prvAppendDynamicPropertyInstance" level="Global" />
        <RolePrivilege name="prvAppendDynamicPropertyOptionSetItem" level="Global" />
        <RolePrivilege name="prvAppendEmailTemplate" level="Local" />
        <RolePrivilege name="prvAppendExpiredProcess" level="Global" />
        <RolePrivilege name="prvAppendFeedback" level="Global" />
        <RolePrivilege name="prvAppendImport" level="Basic" />
        <RolePrivilege name="prvAppendImportFile" level="Basic" />
        <RolePrivilege name="prvAppendImportMap" level="Local" />
        <RolePrivilege name="prvAppendInvoice" level="Local" />
        <RolePrivilege name="prvAppendKnowledgeArticle" level="Global" />
        <RolePrivilege name="prvAppendKnowledgeArticleViews" level="Global" />
        <RolePrivilege name="prvAppendKnowledgeBaseRecord" level="Global" />
        <RolePrivilege name="prvAppendLanguageLocale" level="Global" />
        <RolePrivilege name="prvAppendLead" level="Global" />
        <RolePrivilege name="prvAppendLeadToOpportunitySalesProcess" level="Global" />
        <RolePrivilege name="prvAppendMailbox" level="Basic" />
        <RolePrivilege name="prvAppendMailboxTrackingFolder" level="Basic" />
        <RolePrivilege name="prvAppendMailMergeTemplate" level="Basic" />
        <RolePrivilege name="prvAppendmsdyn_ChannelInstance" level="Global" />
        <RolePrivilege name="prvAppendmsdyn_kbattachment" level="Global" />
        <RolePrivilege name="prvAppendmsdyn_timelinepin" level="Global" />
        <RolePrivilege name="prvAppendmsdyn_transcript" level="Global" />
        <RolePrivilege name="prvAppendNewProcess" level="Global" />
        <RolePrivilege name="prvAppendNote" level="Local" />
        <RolePrivilege name="prvAppendOpportunity" level="Global" />
        <RolePrivilege name="prvAppendOpportunitySalesProcess" level="Global" />
        <RolePrivilege name="prvAppendOrder" level="Local" />
        <RolePrivilege name="prvAppendPersonalDocumentTemplate" level="Basic" />
        <RolePrivilege name="prvAppendPhoneToCaseProcess" level="Global" />
        <RolePrivilege name="prvAppendPost" level="Global" />
        <RolePrivilege name="prvAppendPostFollow" level="Basic" />
        <RolePrivilege name="prvAppendProduct" level="Global" />
        <RolePrivilege name="prvAppendQuote" level="Local" />
        <RolePrivilege name="prvAppendReport" level="Basic" />
        <RolePrivilege name="prvAppendrmb_programs" level="Global" />
        <RolePrivilege name="prvAppendrmb_Student" level="Global" />
        <RolePrivilege name="prvAppendrmb_studentsonboarding" level="Global" />
        <RolePrivilege name="prvAppendRoutingRule" level="Global" />
        <RolePrivilege name="prvAppendSalesLiterature" level="Global" />
        <RolePrivilege name="prvAppendSharePointData" level="Global" />
        <RolePrivilege name="prvAppendSharePointDocument" level="Global" />
        <RolePrivilege name="prvAppendSharePointDocumentLocation" level="Global" />
        <RolePrivilege name="prvAppendSLA" level="Global" />
        <RolePrivilege name="prvAppendSLAKPIInstance" level="Global" />
        <RolePrivilege name="prvAppendSocialProfile" level="Global" />
        <RolePrivilege name="prvAppendSyncError" level="Basic" />
        <RolePrivilege name="prvAppendToAccount" level="Local" />
        <RolePrivilege name="prvAppendToActionCard" level="Global" />
        <RolePrivilege name="prvAppendToActivity" level="Global" />
        <RolePrivilege name="prvAppendToArticleTemplate" level="Global" />
        <RolePrivilege name="prvAppendToAsyncOperation" level="Basic" />
        <RolePrivilege name="prvAppendToCalendar" level="Global" />
        <RolePrivilege name="prvAppendtoCategory" level="Global" />
        <RolePrivilege name="prvAppendToChannelPropertyGroup" level="Global" />
        <RolePrivilege name="prvAppendToCompetitor" level="Global" />
        <RolePrivilege name="prvAppendToConnection" level="Global" />
        <RolePrivilege name="prvAppendToContact" level="Global" />
        <RolePrivilege name="prvAppendToConvertRule" level="Global" />
        <RolePrivilege name="prvAppendToCustomerOpportunityRole" level="Global" />
        <RolePrivilege name="prvAppendToCustomerRelationship" level="Global" />
        <RolePrivilege name="prvAppendToDynamicProperty" level="Global" />
        <RolePrivilege name="prvAppendToDynamicPropertyAssociation" level="Global" />
        <RolePrivilege name="prvAppendToDynamicPropertyInstance" level="Global" />
        <RolePrivilege name="prvAppendToDynamicPropertyOptionSetItem" level="Global" />
        <RolePrivilege name="prvAppendToEmailServerProfile" level="Global" />
        <RolePrivilege name="prvAppendToExpiredProcess" level="Global" />
        <RolePrivilege name="prvAppendToFeedback" level="Global" />
        <RolePrivilege name="prvAppendToImport" level="Basic" />
        <RolePrivilege name="prvAppendToImportFile" level="Basic" />
        <RolePrivilege name="prvAppendToImportMap" level="Local" />
        <RolePrivilege name="prvAppendToInvoice" level="Local" />
        <RolePrivilege name="prvAppendToKnowledgeArticle" level="Global" />
        <RolePrivilege name="prvAppendToKnowledgeArticleViews" level="Global" />
        <RolePrivilege name="prvAppendToKnowledgeBaseRecord" level="Global" />
        <RolePrivilege name="prvAppendToLanguageLocale" level="Global" />
        <RolePrivilege name="prvAppendToLead" level="Global" />
        <RolePrivilege name="prvAppendToLeadToOpportunitySalesProcess" level="Global" />
        <RolePrivilege name="prvAppendToMailMergeTemplate" level="Basic" />
        <RolePrivilege name="prvAppendTomsdyn_ChannelInstance" level="Global" />
        <RolePrivilege name="prvAppendTomsdyn_kbattachment" level="Global" />
        <RolePrivilege name="prvAppendTomsdyn_timelinepin" level="Global" />
        <RolePrivilege name="prvAppendTomsdyn_transcript" level="Global" />
        <RolePrivilege name="prvAppendToNewProcess" level="Global" />
        <RolePrivilege name="prvAppendToNote" level="Local" />
        <RolePrivilege name="prvAppendToOpportunity" level="Global" />
        <RolePrivilege name="prvAppendToOpportunitySalesProcess" level="Global" />
        <RolePrivilege name="prvAppendToOrder" level="Local" />
        <RolePrivilege name="prvAppendToPersonalDocumentTemplate" level="Basic" />
        <RolePrivilege name="prvAppendToPhoneToCaseProcess" level="Global" />
        <RolePrivilege name="prvAppendToPost" level="Global" />
        <RolePrivilege name="prvAppendToProduct" level="Global" />
        <RolePrivilege name="prvAppendToQueue" level="Basic" />
        <RolePrivilege name="prvAppendToQuote" level="Local" />
        <RolePrivilege name="prvAppendToReport" level="Basic" />
        <RolePrivilege name="prvAppendTormb_programs" level="Global" />
        <RolePrivilege name="prvAppendTormb_Student" level="Global" />
        <RolePrivilege name="prvAppendTormb_studentsonboarding" level="Global" />
        <RolePrivilege name="prvAppendToRoutingRule" level="Global" />
        <RolePrivilege name="prvAppendToSalesLiterature" level="Global" />
        <RolePrivilege name="prvAppendToSharePointData" level="Global" />
        <RolePrivilege name="prvAppendToSharePointDocument" level="Global" />
        <RolePrivilege name="prvAppendToSharePointDocumentLocation" level="Global" />
        <RolePrivilege name="prvAppendToSharePointSite" level="Global" />
        <RolePrivilege name="prvAppendToSLA" level="Global" />
        <RolePrivilege name="prvAppendToSLAKPIInstance" level="Global" />
        <RolePrivilege name="prvAppendToSocialProfile" level="Global" />
        <RolePrivilege name="prvAppendToSyncError" level="Basic" />
        <RolePrivilege name="prvAppendToTraceLog" level="Global" />
        <RolePrivilege name="prvAppendToTransactionCurrency" level="Global" />
        <RolePrivilege name="prvAppendToTranslationProcess" level="Global" />
        <RolePrivilege name="prvAppendToUser" level="Local" />
        <RolePrivilege name="prvAppendToUserSettings" level="Local" />
        <RolePrivilege name="prvAppendToWorkflow" level="Global" />
        <RolePrivilege name="prvAppendToWorkflowSession" level="Basic" />
        <RolePrivilege name="prvAppendTraceLog" level="Global" />
        <RolePrivilege name="prvAppendTransactionCurrency" level="Global" />
        <RolePrivilege name="prvAppendTranslationProcess" level="Global" />
        <RolePrivilege name="prvAppendUser" level="Local" />
        <RolePrivilege name="prvAppendWorkflow" level="Basic" />
        <RolePrivilege name="prvAppendWorkflowSession" level="Basic" />
        <RolePrivilege name="prvAssignActivity" level="Global" />
        <RolePrivilege name="prvAssignAsyncOperation" level="Basic" />
        <RolePrivilege name="prvAssignCallbackRegistration" level="Basic" />
        <RolePrivilege name="prvAssignConnection" level="Basic" />
        <RolePrivilege name="prvAssignContact" level="Global" />
        <RolePrivilege name="prvAssignConvertRule" level="Basic" />
        <RolePrivilege name="prvAssignCustomerOpportunityRole" level="Basic" />
        <RolePrivilege name="prvAssignCustomerRelationship" level="Basic" />
        <RolePrivilege name="prvAssignDynamicPropertyInstance" level="Basic" />
        <RolePrivilege name="prvAssignEmailSignature" level="Local" />
        <RolePrivilege name="prvAssignEmailTemplate" level="Local" />
        <RolePrivilege name="prvAssignImport" level="Basic" />
        <RolePrivilege name="prvAssignImportFile" level="Basic" />
        <RolePrivilege name="prvAssignImportMap" level="Local" />
        <RolePrivilege name="prvAssignKnowledgeArticle" level="Global" />
        <RolePrivilege name="prvAssignKnowledgeArticleViews" level="Global" />
        <RolePrivilege name="prvAssignMailMergeTemplate" level="Basic" />
        <RolePrivilege name="prvAssignmsdyn_kbattachment" level="Global" />
        <RolePrivilege name="prvAssignNote" level="Basic" />
        <RolePrivilege name="prvAssignPersonalDocumentTemplate" level="Basic" />
        <RolePrivilege name="prvAssignReport" level="Basic" />
        <RolePrivilege name="prvAssignrmb_Student" level="Global" />
        <RolePrivilege name="prvAssignRoutingRule" level="Basic" />
        <RolePrivilege name="prvAssignSharePointDocument" level="Global" />
        <RolePrivilege name="prvAssignSharePointDocumentLocation" level="Global" />
        <RolePrivilege name="prvAssignSharePointSite" level="Global" />
        <RolePrivilege name="prvAssignSLA" level="Basic" />
        <RolePrivilege name="prvAssignSLAKPIInstance" level="Basic" />
        <RolePrivilege name="prvAssignSocialProfile" level="Basic" />
        <RolePrivilege name="prvAssignSyncError" level="Basic" />
        <RolePrivilege name="prvAssignUserEntityInstanceData" level="Basic" />
        <RolePrivilege name="prvAssignUserForm" level="Basic" />
        <RolePrivilege name="prvAssignUserQuery" level="Basic" />
        <RolePrivilege name="prvAssignUserQueryVisualizations" level="Basic" />
        <RolePrivilege name="prvAssignWorkflow" level="Basic" />
        <RolePrivilege name="prvAssignWorkflowSession" level="Basic" />
        <RolePrivilege name="prvCreateActionCardUserSettings" level="Basic" />
        <RolePrivilege name="prvCreateActivity" level="Global" />
        <RolePrivilege name="prvCreateContact" level="Global" />
        <RolePrivilege name="prvCreateCustomerOpportunityRole" level="Basic" />
        <RolePrivilege name="prvCreateExchangeSyncIdMapping" level="Basic" />
        <RolePrivilege name="prvCreatemsdyn_ChannelInstance" level="Global" />
        <RolePrivilege name="prvCreatemsdyn_timelinepin" level="Global" />
        <RolePrivilege name="prvCreatemsdyn_transcript" level="Global" />
        <RolePrivilege name="prvCreateNote" level="Global" />
        <RolePrivilege name="prvCreatermb_programs" level="Global" />
        <RolePrivilege name="prvCreatermb_Student" level="Basic" />
        <RolePrivilege name="prvCreatermb_studentsonboarding" level="Global" />
        <RolePrivilege name="prvCreateSharePointData" level="Global" />
        <RolePrivilege name="prvCreateTraceLog" level="Global" />
        <RolePrivilege name="prvCreateUserEntityUISettings" level="Basic" />
        <RolePrivilege name="prvDeleteActivity" level="Global" />
        <RolePrivilege name="prvDeleteContact" level="Global" />
        <RolePrivilege name="prvDeleteExchangeSyncIdMapping" level="Basic" />
        <RolePrivilege name="prvDeletemsdyn_ChannelInstance" level="Global" />
        <RolePrivilege name="prvDeletemsdyn_timelinepin" level="Global" />
        <RolePrivilege name="prvDeletemsdyn_transcript" level="Global" />
        <RolePrivilege name="prvDeletermb_Student" level="Basic" />
        <RolePrivilege name="prvDeleteUserQuery" level="Basic" />
        <RolePrivilege name="prvDocumentGeneration" level="Global" />
        <RolePrivilege name="prvExportToExcel" level="Global" />
        <RolePrivilege name="prvFlow" level="Global" />
        <RolePrivilege name="prvGoOffline" level="Global" />
        <RolePrivilege name="prvMailMerge" level="Global" />
        <RolePrivilege name="prvMerge" level="Global" />
        <RolePrivilege name="prvOneDrive" level="Global" />
        <RolePrivilege name="prvPrint" level="Global" />
        <RolePrivilege name="prvReadAccount" level="Global" />
        <RolePrivilege name="prvReadACIViewMapper" level="Global" />
        <RolePrivilege name="prvReadActionCard" level="Basic" />
        <RolePrivilege name="prvReadActionCardUserSettings" level="Basic" />
        <RolePrivilege name="prvReadActivity" level="Global" />
        <RolePrivilege name="prvReadAppConfigMaster" level="Global" />
        <RolePrivilege name="prvReadApplicationFile" level="Global" />
        <RolePrivilege name="prvReadAppModule" level="Global" />
        <RolePrivilege name="prvReadArticle" level="Global" />
        <RolePrivilege name="prvReadArticleTemplate" level="Global" />
        <RolePrivilege name="prvReadAsyncOperation" level="Basic" />
        <RolePrivilege name="prvReadAttribute" level="Global" />
        <RolePrivilege name="prvReadAttributeMap" level="Global" />
        <RolePrivilege name="prvReadAuthorizationServer" level="Global" />
        <RolePrivilege name="prvReadAzureServiceConnection" level="Global" />
        <RolePrivilege name="prvReadBusinessUnit" level="Global" />
        <RolePrivilege name="prvReadCallbackRegistration" level="Basic" />
        <RolePrivilege name="prvReadCategory" level="Global" />
        <RolePrivilege name="prvReadChannelAccessProfile" level="Local" />
        <RolePrivilege name="prvReadChannelPropertyGroup" level="Global" />
        <RolePrivilege name="prvReadCompetitor" level="Global" />
        <RolePrivilege name="prvReadComplexControl" level="Global" />
        <RolePrivilege name="prvReadConnection" level="Global" />
        <RolePrivilege name="prvReadConnectionRole" level="Global" />
        <RolePrivilege name="prvReadContact" level="Global" />
        <RolePrivilege name="prvReadConvertRule" level="Global" />
        <RolePrivilege name="prvReadCustomerOpportunityRole" level="Global" />
        <RolePrivilege name="prvReadCustomerRelationship" level="Global" />
        <RolePrivilege name="prvReadCustomization" level="Global" />
        <RolePrivilege name="prvReadDelveActionHub" level="Global" />
        <RolePrivilege name="prvReadDocumentTemplate" level="Global" />
        <RolePrivilege name="prvReadDuplicateRule" level="Global" />
        <RolePrivilege name="prvReadDynamicProperty" level="Global" />
        <RolePrivilege name="prvReadDynamicPropertyAssociation" level="Global" />
        <RolePrivilege name="prvReadDynamicPropertyInstance" level="Global" />
        <RolePrivilege name="prvReadDynamicPropertyOptionSetItem" level="Global" />
        <RolePrivilege name="prvReadEmailServerProfile" level="Global" />
        <RolePrivilege name="prvReadEmailSignature" level="Global" />
        <RolePrivilege name="prvReadEmailTemplate" level="Global" />
        <RolePrivilege name="prvReadEntity" level="Global" />
        <RolePrivilege name="prvReadEntityDataProvider" level="Global" />
        <RolePrivilege name="prvReadEntityKey" level="Global" />
        <RolePrivilege name="prvReadEntityMap" level="Global" />
        <RolePrivilege name="prvReadExchangeSyncIdMapping" level="Basic" />
        <RolePrivilege name="prvReadExpiredProcess" level="Global" />
        <RolePrivilege name="prvReadExternalParty" level="Global" />
        <RolePrivilege name="prvReadFeedback" level="Global" />
        <RolePrivilege name="prvReadGoal" level="Basic" />
        <RolePrivilege name="prvReadGoalRollupQuery" level="Basic" />
        <RolePrivilege name="prvReadHierarchyRule" level="Global" />
        <RolePrivilege name="prvReadImport" level="Basic" />
        <RolePrivilege name="prvReadImportFile" level="Basic" />
        <RolePrivilege name="prvReadImportMap" level="Global" />
        <RolePrivilege name="prvReadInteractionForEmail" level="Global" />
        <RolePrivilege name="prvReadInvoice" level="Global" />
        <RolePrivilege name="prvReadKnowledgeArticle" level="Global" />
        <RolePrivilege name="prvReadKnowledgeArticleViews" level="Global" />
        <RolePrivilege name="prvReadKnowledgeBaseRecord" level="Global" />
        <RolePrivilege name="prvReadLanguageLocale" level="Global" />
        <RolePrivilege name="prvReadLead" level="Global" />
        <RolePrivilege name="prvReadLeadToOpportunitySalesProcess" level="Global" />
        <RolePrivilege name="prvReadLicense" level="Global" />
        <RolePrivilege name="prvReadMailbox" level="Basic" />
        <RolePrivilege name="prvReadMailboxTrackingFolder" level="Basic" />
        <RolePrivilege name="prvReadMailMergeTemplate" level="Basic" />
        <RolePrivilege name="prvReadMetric" level="Global" />
        <RolePrivilege name="prvReadMobileOfflineProfile" level="Global" />
        <RolePrivilege name="prvReadmsdyn_ChannelInstance" level="Global" />
        <RolePrivilege name="prvReadmsdyn_kbattachment" level="Global" />
        <RolePrivilege name="prvReadmsdyn_timelinepin" level="Global" />
        <RolePrivilege name="prvReadmsdyn_transcript" level="Global" />
        <RolePrivilege name="prvReadNewProcess" level="Global" />
        <RolePrivilege name="prvReadNewsArticle" level="Global" />
        <RolePrivilege name="prvReadNote" level="Global" />
        <RolePrivilege name="prvReadOfficeGraphDocument" level="Global" />
        <RolePrivilege name="prvReadOpportunity" level="Global" />
        <RolePrivilege name="prvReadOpportunitySalesProcess" level="Global" />
        <RolePrivilege name="prvReadOptionSet" level="Global" />
        <RolePrivilege name="prvReadOrder" level="Global" />
        <RolePrivilege name="prvReadOrganization" level="Global" />
        <RolePrivilege name="prvReadPartnerApplication" level="Global" />
        <RolePrivilege name="prvReadPersonalDocumentTemplate" level="Basic" />
        <RolePrivilege name="prvReadPhoneToCaseProcess" level="Global" />
        <RolePrivilege name="prvReadPluginAssembly" level="Global" />
        <RolePrivilege name="prvReadPluginType" level="Global" />
        <RolePrivilege name="prvReadPosition" level="Global" />
        <RolePrivilege name="prvReadPost" level="Global" />
        <RolePrivilege name="prvReadPostFollow" level="Global" />
        <RolePrivilege name="prvReadProduct" level="Global" />
        <RolePrivilege name="prvReadProfileRule" level="Local" />
        <RolePrivilege name="prvReadQuery" level="Global" />
        <RolePrivilege name="prvReadQueue" level="Basic" />
        <RolePrivilege name="prvReadQuote" level="Global" />
        <RolePrivilege name="prvReadRecommendedDocument" level="Global" />
        <RolePrivilege name="prvReadRelationship" level="Global" />
        <RolePrivilege name="prvReadRelationshipRole" level="Global" />
        <RolePrivilege name="prvReadReport" level="Basic" />
        <RolePrivilege name="prvReadrmb_programs" level="Global" />
        <RolePrivilege name="prvReadrmb_Student" level="Basic" />
        <RolePrivilege name="prvReadrmb_studentsonboarding" level="Global" />
        <RolePrivilege name="prvReadRole" level="Local" />
        <RolePrivilege name="prvReadRoutingRule" level="Global" />
        <RolePrivilege name="prvReadSalesLiterature" level="Global" />
        <RolePrivilege name="prvReadSavedQueryVisualizations" level="Global" />
        <RolePrivilege name="prvReadSdkMessage" level="Global" />
        <RolePrivilege name="prvReadSdkMessageProcessingStep" level="Global" />
        <RolePrivilege name="prvReadSdkMessageProcessingStepImage" level="Global" />
        <RolePrivilege name="prvReadSharePointData" level="Global" />
        <RolePrivilege name="prvReadSharePointDocument" level="Global" />
        <RolePrivilege name="prvReadSharePointDocumentLocation" level="Global" />
        <RolePrivilege name="prvReadSharePointSite" level="Global" />
        <RolePrivilege name="prvReadSLA" level="Global" />
        <RolePrivilege name="prvReadSLAKPIInstance" level="Global" />
        <RolePrivilege name="prvReadSocialProfile" level="Global" />
        <RolePrivilege name="prvReadSuggestionCardTemplate" level="Global" />
        <RolePrivilege name="prvReadSyncError" level="Basic" />
        <RolePrivilege name="prvReadSystemApplicationMetadata" level="Global" />
        <RolePrivilege name="prvReadSystemForm" level="Global" />
        <RolePrivilege name="prvReadTeam" level="Global" />
        <RolePrivilege name="prvReadTerritory" level="Global" />
        <RolePrivilege name="prvReadTraceLog" level="Global" />
        <RolePrivilege name="prvReadTransactionCurrency" level="Global" />
        <RolePrivilege name="prvReadTranslationProcess" level="Global" />
        <RolePrivilege name="prvReadUser" level="Global" />
        <RolePrivilege name="prvReadUserApplicationMetadata" level="Basic" />
        <RolePrivilege name="prvReadUserEntityInstanceData" level="Basic" />
        <RolePrivilege name="prvReadUserEntityUISettings" level="Basic" />
        <RolePrivilege name="prvReadUserForm" level="Basic" />
        <RolePrivilege name="prvReadUserQuery" level="Basic" />
        <RolePrivilege name="prvReadUserQueryVisualizations" level="Basic" />
        <RolePrivilege name="prvReadUserSettings" level="Global" />
        <RolePrivilege name="prvReadWebResource" level="Global" />
        <RolePrivilege name="prvReadWebWizard" level="Global" />
        <RolePrivilege name="prvReadWizardAccessPrivilege" level="Global" />
        <RolePrivilege name="prvReadWizardPage" level="Global" />
        <RolePrivilege name="prvReadWorkflow" level="Global" />
        <RolePrivilege name="prvReadWorkflowSession" level="Global" />
        <RolePrivilege name="prvSearchAvailability" level="Global" />
        <RolePrivilege name="prvShareActivity" level="Global" />
        <RolePrivilege name="prvShareCallbackRegistration" level="Basic" />
        <RolePrivilege name="prvShareConnection" level="Global" />
        <RolePrivilege name="prvShareContact" level="Global" />
        <RolePrivilege name="prvShareConvertRule" level="Basic" />
        <RolePrivilege name="prvShareCustomerRelationship" level="Global" />
        <RolePrivilege name="prvShareDynamicPropertyInstance" level="Global" />
        <RolePrivilege name="prvShareEmailTemplate" level="Local" />
        <RolePrivilege name="prvShareImportFile" level="Deep" />
        <RolePrivilege name="prvShareImportMap" level="Global" />
        <RolePrivilege name="prvShareKnowledgeArticle" level="Global" />
        <RolePrivilege name="prvShareKnowledgeArticleViews" level="Global" />
        <RolePrivilege name="prvShareMailMergeTemplate" level="Global" />
        <RolePrivilege name="prvSharemsdyn_kbattachment" level="Global" />
        <RolePrivilege name="prvShareNote" level="Global" />
        <RolePrivilege name="prvSharePersonalDocumentTemplate" level="Global" />
        <RolePrivilege name="prvShareReport" level="Global" />
        <RolePrivilege name="prvSharermb_Student" level="Global" />
        <RolePrivilege name="prvShareRoutingRule" level="Basic" />
        <RolePrivilege name="prvShareSharePointDocumentLocation" level="Global" />
        <RolePrivilege name="prvShareSharePointSite" level="Global" />
        <RolePrivilege name="prvShareSLA" level="Basic" />
        <RolePrivilege name="prvShareSLAKPIInstance" level="Basic" />
        <RolePrivilege name="prvShareSocialProfile" level="Global" />
        <RolePrivilege name="prvShareSyncError" level="Basic" />
        <RolePrivilege name="prvShareUserEntityInstanceData" level="Basic" />
        <RolePrivilege name="prvShareUserEntityUISettings" level="Basic" />
        <RolePrivilege name="prvShareUserForm" level="Basic" />
        <RolePrivilege name="prvShareUserQueryVisualizations" level="Basic" />
        <RolePrivilege name="prvShareWorkflow" level="Basic" />
        <RolePrivilege name="prvShareWorkflowSession" level="Basic" />
        <RolePrivilege name="prvSyncToOutlook" level="Global" />
        <RolePrivilege name="prvUseOfficeApps" level="Global" />
        <RolePrivilege name="prvUseTabletApp" level="Global" />
        <RolePrivilege name="prvWebMailMerge" level="Global" />
        <RolePrivilege name="prvWorkflowExecution" level="Global" />
        <RolePrivilege name="prvWriteActivity" level="Global" />
        <RolePrivilege name="prvWriteContact" level="Global" />
        <RolePrivilege name="prvWriteExchangeSyncIdMapping" level="Basic" />
        <RolePrivilege name="prvWritemsdyn_ChannelInstance" level="Global" />
        <RolePrivilege name="prvWritemsdyn_timelinepin" level="Global" />
        <RolePrivilege name="prvWritemsdyn_transcript" level="Global" />
        <RolePrivilege name="prvWriteNote" level="Global" />
        <RolePrivilege name="prvWritermb_programs" level="Global" />
        <RolePrivilege name="prvWritermb_Student" level="Basic" />
        <RolePrivilege name="prvWritermb_studentsonboarding" level="Global" />
        <RolePrivilege name="prvWriteSharePointData" level="Global" />
        <RolePrivilege name="prvWriteUserEntityUISettings" level="Basic" />
      </RolePrivileges>
    </Role>
  </Roles>
  <Workflows>
    <Workflow WorkflowId="{1479bb0a-1933-f011-8c4c-6045bd0da0de}" Name="When a new student request is received">
      <JsonFileName>/Workflows/Whenanewstudentrequestisreceived-1479BB0A-1933-F011-8C4C-6045BD0DA0DE.json</JsonFileName>
      <Type>1</Type>
      <Subprocess>0</Subprocess>
      <Category>5</Category>
      <Mode>0</Mode>
      <Scope>4</Scope>
      <OnDemand>0</OnDemand>
      <TriggerOnCreate>0</TriggerOnCreate>
      <TriggerOnDelete>0</TriggerOnDelete>
      <AsyncAutodelete>0</AsyncAutodelete>
      <SyncWorkflowLogOnFailure>0</SyncWorkflowLogOnFailure>
      <StateCode>1</StateCode>
      <StatusCode>2</StatusCode>
      <RunAs>1</RunAs>
      <IsTransacted>1</IsTransacted>
      <IntroducedVersion>1.0.0.0</IntroducedVersion>
      <IsCustomizable>1</IsCustomizable>
      <BusinessProcessType>0</BusinessProcessType>
      <IsCustomProcessingStepAllowedForOtherPublishers>1</IsCustomProcessingStepAllowedForOtherPublishers>
      <ModernFlowType>0</ModernFlowType>
      <PrimaryEntity>none</PrimaryEntity>
      <LocalizedNames>
        <LocalizedName languagecode="1033" description="When a new student request is received" />
      </LocalizedNames>
    </Workflow>
  </Workflows>
  <FieldSecurityProfiles>
    <FieldSecurityProfile name="Hide Sensitive Fields " fieldsecurityprofileid="{fe19f535-1633-f011-8c4c-6045bd0da0de}">
      <FieldPermissions />
    </FieldSecurityProfile>
  </FieldSecurityProfiles>
  <Templates />
  <EntityMaps />
  <EntityRelationships />
  <OrganizationSettings />
  <optionsets />
  <CustomControls />
  <EntityDataProviders />
  <connectionreferences>
    <connectionreference connectionreferencelogicalname="rmb_sharedcommondataserviceforapps_643b8">
      <connectionreferencedisplayname>Microsoft Dataverse Security-643b8</connectionreferencedisplayname>
      <connectorid>/providers/Microsoft.PowerApps/apis/shared_commondataserviceforapps</connectorid>
      <iscustomizable>1</iscustomizable>
      <promptingbehavior>0</promptingbehavior>
      <statecode>0</statecode>
      <statuscode>1</statuscode>
    </connectionreference>
    <connectionreference connectionreferencelogicalname="rmb_sharedoffice365_23626">
      <connectionreferencedisplayname>Office 365 Outlook Security-23626</connectionreferencedisplayname>
      <connectorid>/providers/Microsoft.PowerApps/apis/shared_office365</connectorid>
      <iscustomizable>1</iscustomizable>
      <promptingbehavior>0</promptingbehavior>
      <statecode>0</statecode>
      <statuscode>1</statuscode>
    </connectionreference>
  </connectionreferences>
  <Languages>
    <Language>1033</Language>
  </Languages>
</ImportExportXml>