<powerpagecomponent powerpagecomponentid="b0d2c0a7-08cf-4d42-8416-99ccb366c79a">
  <content>{"contentdisposition":756150000,"enabletracking":false,"excludefromsearch":false,"hiddenfromsitemap":false,"parentpageid":"ba638596-2b75-460e-aad9-2a159e3bea67","partialurl":"Geometric-2.png","publishingstateid":"36d8adab-be31-44fd-a946-40c95bfe60df"}</content>
  <filecontent mimetype="application/octet-stream">Geometric-2.png</filecontent>
  <iscustomizable>1</iscustomizable>
  <name>Geometric-2.png</name>
  <powerpagecomponenttype>3</powerpagecomponenttype>
  <powerpagesiteid>
    <powerpagesiteid>5b95a69c-7e15-47d0-951f-adc69c2ed88a</powerpagesiteid>
  </powerpagesiteid>
  <statecode>0</statecode>
  <statuscode>1</statuscode>
</powerpagecomponent>