<powerpagecomponent powerpagecomponentid="de755a64-b74e-44db-b4cf-74e9473c3b74">
  <content>{
  "filecontent": null,
  "displayorder": 2,
  "enablerating": false,
  "enabletracking": false,
  "excludefromsearch": false,
  "feedbackpolicy": 756150000,
  "hiddenfromsitemap": false,
  "isroot": true,
  "pagetemplateid": "92aa43c7-65c6-4b5b-8e24-f421212c8e02",
  "parentpageid": "202ddbde-241a-46ee-b4e9-a755617f5283",
  "partialurl": "subpage-2-deleted",
  "publishingstateid": "36d8adab-be31-44fd-a946-40c95bfe60df",
  "sharedpageconfiguration": false,
  "title": "Subpage 2"
}</content>
  <iscustomizable>1</iscustomizable>
  <name>Subpage 2-deleted</name>
  <powerpagecomponenttype>2</powerpagecomponenttype>
  <powerpagesiteid>
    <powerpagesiteid>5b95a69c-7e15-47d0-951f-adc69c2ed88a</powerpagesiteid>
  </powerpagesiteid>
  <searchcontent>Subpage 2Subpage 2-deleted</searchcontent>
  <statecode>1</statecode>
  <statuscode>2</statuscode>
</powerpagecomponent>