<powerpagecomponent powerpagecomponentid="b50ec3d1-69e9-4c6a-77e1-aa9a9571f385">
  <content>{
  "filecontent": null,
  "displayorder": 2,
  "customcss": "",
  "customjavascript": "",
  "pagetemplateid": "92aa43c7-65c6-4b5b-8e24-f421212c8e02",
  "parentpageid": "ba638596-2b75-460e-aad9-2a159e3bea67",
  "partialurl": "Case-Overview-deleted",
  "isroot": false,
  "rootwebpageid": "d468222c-7699-992a-bf7b-787e6aa3819f",
  "title": "Case Overview",
  "summary": "&lt;p&gt;This is a sample landing page designed to be a starting point for your website&lt;/p&gt;",
  "copy": "&lt;div data-component-theme=\"portalThemeColor8\" class=\"row sectionBlockLayout\" style='padding: 8px; margin: 0px; display: flex; flex-wrap: wrap; min-height: 50%; background-position: center center; background-repeat: no-repeat; background-size: cover; background-image: linear-gradient(0deg, rgba(0, 0, 0, 0.1), rgba(0, 0, 0, 0.1)), url(\"/Cases-2.jpg\"); width: 2000px; height: 206px;'&gt;\n  &lt;div class=\"container\"&gt;\n    &lt;div class=\"col-md-12 columnBlockLayout\" style=\"min-width: 250px; flex-grow: 1; display: flex; flex-direction: column; margin: 240px 0px;\"&gt;\n      &lt;h1 style=\"text-align: center;\"&gt;Case Management&lt;/h1&gt;\n      &lt;h4 style=\"text-align: center;\"&gt;Overview of All Cases&lt;/h4&gt;\n    &lt;/div&gt;\n  &lt;/div&gt;\n&lt;/div&gt;\n&lt;div class=\"row sectionBlockLayout text-start\" style=\"display: flex; flex-wrap: wrap; margin: 0px; min-height: auto; padding: 8px;\"&gt;\n  &lt;div class=\"container\" style=\"padding: 0px; display: flex; flex-wrap: wrap;\"&gt;&lt;div class=\"col-lg-12 columnBlockLayout\" style=\"flex-grow: 1; display: flex; flex-direction: column; min-width: 250px;\"&gt;{% include 'entity_list' key: 'My Active Cases' AISummaryTitle: 'AI Insights' isAISummaryExpanded: 'true' AISummaryChartTypes: '[1,2,3,4,5]' isAISummaryEnabled:'true' isNLSearchEnabled:'true' isModern:'true' %}&lt;/div&gt;&lt;/div&gt;\n&lt;/div&gt;\n&lt;div class=\"row sectionBlockLayout\" style=\"padding: 8px; margin: 0px; display: flex; flex-wrap: wrap; min-height: auto;\"&gt;\n  &lt;div class=\"container\"&gt;\n    &lt;div class=\"col-md-6 columnBlockLayout\" style=\"min-width: 250px; flex-grow: 1; display: flex; flex-direction: column;\"&gt;&lt;img src=\"/Cases.jpg\" alt=\"Team discussing cases\" style=\"max-width: 100%; width: 100%; height: auto; border-radius: 8px;\" /&gt;&lt;/div&gt;\n    &lt;div class=\"col-md-6 columnBlockLayout\" style=\"min-width: 250px; flex-grow: 1; display: flex; flex-direction: column;\"&gt;\n      &lt;h2&gt;Case Management&lt;/h2&gt;\n      &lt;p&gt;Our case management system allows for efficient tracking and resolution of all submitted cases. Stay informed on the status of your submissions.&lt;/p&gt;\n    &lt;/div&gt;\n  &lt;/div&gt;\n&lt;/div&gt;\n",
  "publishingstateid": "36d8adab-be31-44fd-a946-40c95bfe60df",
  "enablerating": false,
  "enabletracking": false,
  "excludefromsearch": false,
  "hiddenfromsitemap": true,
  "sharedpageconfiguration": false
}</content>
  <iscustomizable>1</iscustomizable>
  <name>Case Overview-deleted</name>
  <powerpagecomponenttype>2</powerpagecomponenttype>
  <powerpagesiteid>
    <powerpagesiteid>5b95a69c-7e15-47d0-951f-adc69c2ed88a</powerpagesiteid>
  </powerpagesiteid>
  <powerpagesitelanguageid>
    <powerpagesitelanguageid>f7e87396-aeca-4c58-b332-ab35c2716385</powerpagesitelanguageid>
  </powerpagesitelanguageid>
  <searchcontent>Case Overview&lt;div data-component-theme="portalThemeColor8" class="row sectionBlockLayout" style='padding: 8px; margin: 0px; display: flex; flex-wrap: wrap; min-height: 50%; background-position: center center; background-repeat: no-repeat; background-size: cover; background-image: linear-gradient(0deg, rgba(0, 0, 0, 0.1), rgba(0, 0, 0, 0.1)), url("/Cases-2.jpg"); width: 2000px; height: 206px;'&gt;
  &lt;div class="container"&gt;
    &lt;div class="col-md-12 columnBlockLayout" style="min-width: 250px; flex-grow: 1; display: flex; flex-direction: column; margin: 240px 0px;"&gt;
      &lt;h1 style="text-align: center;"&gt;Case Management&lt;/h1&gt;
      &lt;h4 style="text-align: center;"&gt;Overview of All Cases&lt;/h4&gt;
    &lt;/div&gt;
  &lt;/div&gt;
&lt;/div&gt;
&lt;div class="row sectionBlockLayout text-start" style="display: flex; flex-wrap: wrap; margin: 0px; min-height: auto; padding: 8px;"&gt;
  &lt;div class="container" style="padding: 0px; display: flex; flex-wrap: wrap;"&gt;&lt;div class="col-lg-12 columnBlockLayout" style="flex-grow: 1; display: flex; flex-direction: column; min-width: 250px;"&gt;{% include 'entity_list' key: 'My Active Cases' AISummaryTitle: 'AI Insights' isAISummaryExpanded: 'true' AISummaryChartTypes: '[1,2,3,4,5]' isAISummaryEnabled:'true' isNLSearchEnabled:'true' isModern:'true' %}&lt;/div&gt;&lt;/div&gt;
&lt;/div&gt;
&lt;div class="row sectionBlockLayout" style="padding: 8px; margin: 0px; display: flex; flex-wrap: wrap; min-height: auto;"&gt;
  &lt;div class="container"&gt;
    &lt;div class="col-md-6 columnBlockLayout" style="min-width: 250px; flex-grow: 1; display: flex; flex-direction: column;"&gt;&lt;img src="/Cases.jpg" alt="Team discussing cases" style="max-width: 100%; width: 100%; height: auto; border-radius: 8px;" /&gt;&lt;/div&gt;
    &lt;div class="col-md-6 columnBlockLayout" style="min-width: 250px; flex-grow: 1; display: flex; flex-direction: column;"&gt;
      &lt;h2&gt;Case Management&lt;/h2&gt;
      &lt;p&gt;Our case management system allows for efficient tracking and resolution of all submitted cases. Stay informed on the status of your submissions.&lt;/p&gt;
    &lt;/div&gt;
  &lt;/div&gt;
&lt;/div&gt;
Case Overview-deleted</searchcontent>
  <statecode>1</statecode>
  <statuscode>2</statuscode>
</powerpagecomponent>