<powerpagecomponent powerpagecomponentid="d8802479-f33c-474f-8ca5-9cd913fc0936">
  <content>{
  "description": "This is the default studio template. Please do not modify.",
  "type": 756150001,
  "usewebsiteheaderandfooter": true,
  "webtemplateid": "271cf944-3b90-4770-a0b5-7bdec81f7779",
  "isdefault": false
}</content>
  <iscustomizable>1</iscustomizable>
  <name>AI Search PageTemplate</name>
  <powerpagecomponenttype>6</powerpagecomponenttype>
  <powerpagesiteid>
    <powerpagesiteid>5b95a69c-7e15-47d0-951f-adc69c2ed88a</powerpagesiteid>
  </powerpagesiteid>
  <statecode>0</statecode>
  <statuscode>1</statuscode>
</powerpagecomponent>