<powerpagecomponent powerpagecomponentid="e4df2af3-23f4-45d9-ab42-02f0e2c48765">
  <content>{"createdOn":"2025-05-16T12:50:18.793Z","parentpageid":"ba638596-2b75-460e-aad9-2a159e3bea67","publishingstateid":"36d8adab-be31-44fd-a946-40c95bfe60df","partialurl":"Cases.jpg","title":"","summary":"","enabletracking":false,"excludefromsearch":false,"hiddenfromsitemap":false}</content>
  <filecontent mimetype="image/jpeg">Cases.jpg</filecontent>
  <iscustomizable>1</iscustomizable>
  <name>Cases.jpg</name>
  <powerpagecomponenttype>3</powerpagecomponenttype>
  <powerpagesiteid>
    <powerpagesiteid>5b95a69c-7e15-47d0-951f-adc69c2ed88a</powerpagesiteid>
  </powerpagesiteid>
  <statecode>0</statecode>
  <statuscode>1</statuscode>
</powerpagecomponent>