<powerpagecomponent powerpagecomponentid="da55d9cc-6c15-4654-ba22-7c21f1b075d5">
  <content>{"disablepagevalidation":false,"displayimageonly":false,"displayorder":2,"displaypagechildlinks":false,"openinnewwindow":false,"pageid":"de755a64-b74e-44db-b4cf-74e9473c3b74","parentweblinkid":"debfa8e3-b981-4fc1-bf24-a46ba028f028","publishingstateid":"36d8adab-be31-44fd-a946-40c95bfe60df","robotsfollowlink":true,"weblinksetid":"9ec003f4-eb44-4297-9fde-c7f36fc059de"}</content>
  <iscustomizable>1</iscustomizable>
  <name>Subpage 2</name>
  <powerpagecomponenttype>5</powerpagecomponenttype>
  <powerpagesiteid>
    <powerpagesiteid>5b95a69c-7e15-47d0-951f-adc69c2ed88a</powerpagesiteid>
  </powerpagesiteid>
  <statecode>0</statecode>
  <statuscode>1</statuscode>
</powerpagecomponent>