<powerpagecomponent powerpagecomponentid="7788d6d6-aef6-4917-9696-71dbddd67e21">
  <content>{
  "filecontent": null,
  "appendquerystring": false,
  "associatecurrentportaluser": false,
  "attachfile": true,
  "attachfileallowmultiple": false,
  "attachfilerequired": false,
  "attachfilerestrictaccept": false,
  "autogeneratesteps": false,
  "captcharequired": false,
  "entityname": "lead",
  "entitypermissionsenabled": true,
  "forceallfieldsrequired": false,
  "formname": "Web Information Form",
  "geolocation_displaymap": false,
  "geolocation_enabled": false,
  "geolocation_maptype": 756150000,
  "hideformonsuccess": true,
  "mode": 100000000,
  "onsuccess": "756150000",
  "populatereferenceentitylookupfield": false,
  "portaluserlookupattributeisactivityparty": false,
  "recommendedfieldsrequired": false,
  "recordsourceallowcreateonnull": false,
  "redirecturlappendentityidquerystring": false,
  "referenceentityshowreadonlyform": false,
  "referencequerystringisprimarykey": true,
  "renderwebresourcesinline": false,
  "setentityreference": false,
  "showcaptchaforauthenticatedusers": false,
  "showownerfields": false,
  "showunsupportedfields": false,
  "tooltipenabled": false,
  "validationsummarylinksenabled": true,
  "entityFormMetadatas": [
    "10a1ef5d-ee3c-4f30-b57b-31de6ae8e8d9",
    "968937df-087c-467d-a303-77f70c890710",
    "7c3376b7-b342-441e-87bb-7a7a86e53e39"
  ],
  "lcid": 1033,
  "successmessage": "[{\"LCID\":1033,\"Value\":\"Your details have been submitted successfully. we will contact you shortly\"}]",
  "attachfileacceptextensions": null,
  "attachfileaccept": "*/*",
  "attachfilelabel": "[{\"LCID\":1033,\"Value\":\"\"}]",
  "attachfilesaveoption": 756150000,
  "attachfilestoragelocation": 756150000,
  "attachfilemaxsize": null,
  "maximumnooffiles": 5,
  "containername": "",
  "storageaccountname": "",
  "entitysourcetype": null,
  "recordidquerystringparametername": null,
  "redirecturl": null,
  "redirectwebpage": null
}</content>
  <iscustomizable>1</iscustomizable>
  <name>simple contact us form</name>
  <powerpagecomponenttype>15</powerpagecomponenttype>
  <powerpagesiteid>
    <powerpagesiteid>5b95a69c-7e15-47d0-951f-adc69c2ed88a</powerpagesiteid>
  </powerpagesiteid>
  <statecode>0</statecode>
  <statuscode>1</statuscode>
</powerpagecomponent>