<powerpagecomponent powerpagecomponentid="7605b45c-b74c-4cc7-8733-b826ad5ab827">
  <content>{
  "filecontent": null,
  "copy": "&lt;div data-component-theme=\"portalThemeColor3\" class=\"row sectionBlockLayout\" style=\"padding: 8px; margin: 0px; display: flex; flex-wrap: wrap; height: 15px; min-height: 15px;\"&gt;&lt;/div&gt;\n&lt;div data-component-theme=\"portalThemeColor7\" class=\"row sectionBlockLayout text-start\" style=\"display: flex; flex-wrap: wrap; margin: 0px; min-height: auto; padding: 8px;\"&gt;\n  &lt;div class=\"container\" style=\"padding: 0px; display: flex; flex-wrap: wrap;\"&gt;&lt;div class=\"col-lg-12 columnBlockLayout\" style=\"flex-grow: 1; display: flex; flex-direction: column; min-width: 250px;\"&gt;{% entityform name: 'Web Students Form' %}&lt;/div&gt;&lt;/div&gt;\n&lt;/div&gt;\n&lt;div data-component-theme=\"portalThemeColor1\" class=\"row sectionBlockLayout\" style=\"padding: 8px; margin: 0px; display: flex; flex-wrap: wrap; text-align: left; min-height: auto;\"&gt;\n  &lt;div class=\"container\" style=\"padding: 0px; display: flex; flex-wrap: wrap;\"&gt;\n    &lt;div class=\"col-lg-12 columnBlockLayout\" style=\"flex-grow: 1; display: flex; flex-direction: column; min-width: 300px;\"&gt;\n      &lt;div class=\"row sectionBlockLayout\" style=\"padding: 8px; margin: 0px; display: flex; flex-wrap: wrap; min-height: 120px;\"&gt;&lt;/div&gt;\n      &lt;h1 style=\"text-align: center;\"&gt;Introduce another idea&lt;/h1&gt;\n      &lt;p style=\"text-align: center;\"&gt;This section can be used to offer supporting information or introduce a new idea. It’s best to keep it relevant to the contents of the page so it doesn’t feel out of place.&lt;/p&gt;\n      &lt;div class=\"row sectionBlockLayout\" style=\"padding: 8px; margin: 0px; display: flex; flex-wrap: wrap; min-height: 120px;\"&gt;&lt;/div&gt;\n    &lt;/div&gt;\n  &lt;/div&gt;\n&lt;/div&gt;\n&lt;div data-component-theme=\"portalThemeColor2\" class=\"row sectionBlockLayout\" style=\"padding: 8px; margin: 0px; display: flex; flex-wrap: wrap; min-height: 28px;\"&gt;&lt;/div&gt;\n&lt;div data-component-theme=\"portalThemeColor6\" class=\"row sectionBlockLayout\" style=\"padding: 8px; margin: 0px; display: flex; flex-wrap: wrap; min-height: 52px;\"&gt;&lt;/div&gt;\n",
  "displayorder": 2,
  "enablerating": false,
  "enabletracking": false,
  "excludefromsearch": false,
  "feedbackpolicy": 756150000,
  "hiddenfromsitemap": false,
  "isroot": false,
  "pagetemplateid": "92aa43c7-65c6-4b5b-8e24-f421212c8e02",
  "parentpageid": "ba638596-2b75-460e-aad9-2a159e3bea67",
  "partialurl": "page",
  "publishingstateid": "36d8adab-be31-44fd-a946-40c95bfe60df",
  "rootwebpageid": "202ddbde-241a-46ee-b4e9-a755617f5283",
  "sharedpageconfiguration": false,
  "summary": "&lt;p&gt;This page has a full-size layout (no sidebar).&lt;/p&gt;",
  "title": "Pages"
}</content>
  <iscustomizable>1</iscustomizable>
  <name>Prospective Student</name>
  <powerpagecomponenttype>2</powerpagecomponenttype>
  <powerpagesiteid>
    <powerpagesiteid>5b95a69c-7e15-47d0-951f-adc69c2ed88a</powerpagesiteid>
  </powerpagesiteid>
  <powerpagesitelanguageid>
    <powerpagesitelanguageid>f7e87396-aeca-4c58-b332-ab35c2716385</powerpagesitelanguageid>
  </powerpagesitelanguageid>
  <searchcontent>Pages&lt;div data-component-theme="portalThemeColor3" class="row sectionBlockLayout" style="padding: 8px; margin: 0px; display: flex; flex-wrap: wrap; height: 15px; min-height: 15px;"&gt;&lt;/div&gt;
&lt;div data-component-theme="portalThemeColor7" class="row sectionBlockLayout text-start" style="display: flex; flex-wrap: wrap; margin: 0px; min-height: auto; padding: 8px;"&gt;
  &lt;div class="container" style="padding: 0px; display: flex; flex-wrap: wrap;"&gt;&lt;div class="col-lg-12 columnBlockLayout" style="flex-grow: 1; display: flex; flex-direction: column; min-width: 250px;"&gt;{% entityform name: 'Web Students Form' %}&lt;/div&gt;&lt;/div&gt;
&lt;/div&gt;
&lt;div data-component-theme="portalThemeColor1" class="row sectionBlockLayout" style="padding: 8px; margin: 0px; display: flex; flex-wrap: wrap; text-align: left; min-height: auto;"&gt;
  &lt;div class="container" style="padding: 0px; display: flex; flex-wrap: wrap;"&gt;
    &lt;div class="col-lg-12 columnBlockLayout" style="flex-grow: 1; display: flex; flex-direction: column; min-width: 300px;"&gt;
      &lt;div class="row sectionBlockLayout" style="padding: 8px; margin: 0px; display: flex; flex-wrap: wrap; min-height: 120px;"&gt;&lt;/div&gt;
      &lt;h1 style="text-align: center;"&gt;Introduce another idea&lt;/h1&gt;
      &lt;p style="text-align: center;"&gt;This section can be used to offer supporting information or introduce a new idea. It’s best to keep it relevant to the contents of the page so it doesn’t feel out of place.&lt;/p&gt;
      &lt;div class="row sectionBlockLayout" style="padding: 8px; margin: 0px; display: flex; flex-wrap: wrap; min-height: 120px;"&gt;&lt;/div&gt;
    &lt;/div&gt;
  &lt;/div&gt;
&lt;/div&gt;
&lt;div data-component-theme="portalThemeColor2" class="row sectionBlockLayout" style="padding: 8px; margin: 0px; display: flex; flex-wrap: wrap; min-height: 28px;"&gt;&lt;/div&gt;
&lt;div data-component-theme="portalThemeColor6" class="row sectionBlockLayout" style="padding: 8px; margin: 0px; display: flex; flex-wrap: wrap; min-height: 52px;"&gt;&lt;/div&gt;
Prospective Student</searchcontent>
  <statecode>0</statecode>
  <statuscode>1</statuscode>
</powerpagecomponent>