<powerpagesites>
  <powerpagesite powerpagesiteid="5b95a69c-7e15-47d0-951f-adc69c2ed88a">
    <content>{"defaultlanguage":"f7e87396-aeca-4c58-b332-ab35c2716385","footerwebtemplateid":"64d1ee3e-3027-447a-8f65-1ead3d084ecb","headerwebtemplateid":"035f2172-955a-49e8-a239-b98cf60bd4ac","statecode":0,"statuscode":1,"website_language":1033,"defaultbotconsumerid":"aa92cc96-b532-f011-8c4c-6045bd0da0de"}</content>
    <datamodelversion>2.0</datamodelversion>
    <iscustomizable>1</iscustomizable>
    <name>Site 1 - site-eo1j6</name>
    <primarydomainname>site-eo1j6.powerappsportals.com</primarydomainname>
    <statecode>0</statecode>
    <statuscode>1</statuscode>
  </powerpagesite>
</powerpagesites>