<powerpagesitelanguages>
  <powerpagesitelanguage powerpagesitelanguageid="f7e87396-aeca-4c58-b332-ab35c2716385">
    <content>{"publishingstate":"36d8adab-be31-44fd-a946-40c95bfe60df","systemlanguage":1033}</content>
    <displayname>English</displayname>
    <iscustomizable>1</iscustomizable>
    <languagecode>en-US</languagecode>
    <lcid>1033</lcid>
    <name>English</name>
    <powerpagesiteid>
      <powerpagesiteid>5b95a69c-7e15-47d0-951f-adc69c2ed88a</powerpagesiteid>
    </powerpagesiteid>
    <statecode>0</statecode>
    <statuscode>1</statuscode>
  </powerpagesitelanguage>
</powerpagesitelanguages>