<powerpagecomponent powerpagecomponentid="581cd864-73ff-4f67-8915-388877ee9f35">
  <content>{"enablerating":false,"enabletracking":false,"excludefromsearch":false,"feedbackpolicy":756150000,"hiddenfromsitemap":true,"isroot":true,"pagetemplateid":"7d08adec-a2c8-431e-b6c6-6f09e5d24b89","parentpageid":"ba638596-2b75-460e-aad9-2a159e3bea67","partialurl":"profile","publishingstateid":"36d8adab-be31-44fd-a946-40c95bfe60df","sharedpageconfiguration":false,"title":"Profile"}</content>
  <iscustomizable>1</iscustomizable>
  <name>Profile</name>
  <powerpagecomponenttype>2</powerpagecomponenttype>
  <powerpagesiteid>
    <powerpagesiteid>5b95a69c-7e15-47d0-951f-adc69c2ed88a</powerpagesiteid>
  </powerpagesiteid>
  <searchcontent>ProfileProfile</searchcontent>
  <statecode>0</statecode>
  <statuscode>1</statuscode>
</powerpagecomponent>