<powerpagecomponent powerpagecomponentid="a92b4268-0295-3f9b-1602-a91da8b7fd6c">
  <content>{"modifiedon":"2025-05-16T12:09:34Z","createdOn":"2025-05-16T12:09:27.103Z","parentpageid":"ba638596-2b75-460e-aad9-2a159e3bea67","publishingstateid":"36d8adab-be31-44fd-a946-40c95bfe60df","partialurl":"ORANGE-1.scss","title":"","summary":"ORANGE_DESCRIPTION","enabletracking":false,"excludefromsearch":false,"hiddenfromsitemap":false}</content>
  <filecontent mimetype="application/octet-stream">ORANGE%20(1)</filecontent>
  <iscustomizable>1</iscustomizable>
  <name>ORANGE (1)</name>
  <powerpagecomponenttype>3</powerpagecomponenttype>
  <powerpagesiteid>
    <powerpagesiteid>5b95a69c-7e15-47d0-951f-adc69c2ed88a</powerpagesiteid>
  </powerpagesiteid>
  <statecode>0</statecode>
  <statuscode>1</statuscode>
</powerpagecomponent>