<powerpagecomponent powerpagecomponentid="374fb617-2f04-4797-8210-d3389f2c7070">
  <content>{"createdOn":"2025-05-16T12:50:18.833Z","parentpageid":"ba638596-2b75-460e-aad9-2a159e3bea67","publishingstateid":"36d8adab-be31-44fd-a946-40c95bfe60df","partialurl":"Cases-2.jpg","title":"","summary":"","enabletracking":false,"excludefromsearch":false,"hiddenfromsitemap":false}</content>
  <filecontent mimetype="image/jpeg">Cases-2.jpg</filecontent>
  <iscustomizable>1</iscustomizable>
  <name>Cases-2.jpg</name>
  <powerpagecomponenttype>3</powerpagecomponenttype>
  <powerpagesiteid>
    <powerpagesiteid>5b95a69c-7e15-47d0-951f-adc69c2ed88a</powerpagesiteid>
  </powerpagesiteid>
  <statecode>0</statecode>
  <statuscode>1</statuscode>
</powerpagecomponent>