<powerpagecomponent powerpagecomponentid="1375cfc3-22ad-425b-8fa2-b3ef9fe801e2">
  <content>{
  "filecontent": null,
  "disablepagevalidation": false,
  "displayimageonly": false,
  "displayorder": 6,
  "displaypagechildlinks": false,
  "openinnewwindow": false,
  "pageid": "202ddbde-241a-46ee-b4e9-a755617f5283",
  "publishingstateid": "36d8adab-be31-44fd-a946-40c95bfe60df",
  "robotsfollowlink": true,
  "weblinksetid": "dd1a6514-13cf-47af-a501-f92596b02835",
  "parentweblinkid": null
}</content>
  <iscustomizable>1</iscustomizable>
  <name>Prospective Student</name>
  <powerpagecomponenttype>5</powerpagecomponenttype>
  <powerpagesiteid>
    <powerpagesiteid>5b95a69c-7e15-47d0-951f-adc69c2ed88a</powerpagesiteid>
  </powerpagesiteid>
  <statecode>0</statecode>
  <statuscode>1</statuscode>
</powerpagecomponent>