<powerpagecomponent powerpagecomponentid="62b055db-0634-44ba-907e-c4c32ad8393a">
  <content>{
  "filecontent": null,
  "lcid": 1033,
  "entityname": "rmb_student",
  "formname": "Web Students Form",
  "mode": 100000000,
  "onsuccess": "756150000",
  "successmessage": "[{\"LCID\":1033,\"Value\":\"Details submitted successfully. Only listed candidates will be contacted Thank you!\"}]",
  "hideformonsuccess": true,
  "redirectwebpage": null,
  "redirecturl": null,
  "captcharequired": false,
  "showcaptchaforauthenticatedusers": false,
  "entitypermissionsenabled": true,
  "attachfile": true,
  "attachfileallowmultiple": true,
  "attachfilerestrictaccept": false,
  "attachfileacceptextensions": null,
  "attachfileaccept": "*/*",
  "attachfilelabel": "[{\"LCID\":1033,\"Value\":\"\"}]",
  "attachfilesaveoption": 756150000,
  "attachfilestoragelocation": 756150000,
  "attachfilemaxsize": null,
  "maximumnooffiles": 5,
  "containername": "",
  "storageaccountname": "",
  "entitysourcetype": null,
  "recordidquerystringparametername": null,
  "entityFormMetadatas": [
    "0b3c7424-240c-4a4e-9c8c-2899b6249492"
  ]
}</content>
  <iscustomizable>1</iscustomizable>
  <name>Web Students Form</name>
  <powerpagecomponenttype>15</powerpagecomponenttype>
  <powerpagesiteid>
    <powerpagesiteid>5b95a69c-7e15-47d0-951f-adc69c2ed88a</powerpagesiteid>
  </powerpagesiteid>
  <statecode>0</statecode>
  <statuscode>1</statuscode>
</powerpagecomponent>