<powerpagecomponent powerpagecomponentid="78862dd5-5474-426a-a62d-e9c88e14c012">
  <content>{"adx_webpageaccesscontrolrule_webrole":["a60aa53b-54ea-405f-ae4a-d25e33596cc6"],"right":1,"scope":1,"webpageid":"ba638596-2b75-460e-aad9-2a159e3bea67"}</content>
  <iscustomizable>1</iscustomizable>
  <name>Grant Change to Administrators</name>
  <powerpagecomponenttype>10</powerpagecomponenttype>
  <powerpagesiteid>
    <powerpagesiteid>5b95a69c-7e15-47d0-951f-adc69c2ed88a</powerpagesiteid>
  </powerpagesiteid>
  <statecode>0</statecode>
  <statuscode>1</statuscode>
</powerpagecomponent>