<powerpagecomponent powerpagecomponentid="3f8afee3-0e9c-4be2-a119-3a6ea687966d">
  <content>{"disablepagevalidation":false,"displayimageonly":false,"displayorder":1,"displaypagechildlinks":false,"openinnewwindow":false,"pageid":"581cd864-73ff-4f67-8915-388877ee9f35","publishingstateid":"36d8adab-be31-44fd-a946-40c95bfe60df","robotsfollowlink":true,"weblinksetid":"88c55f1d-9543-443d-ad7e-23008d9908ed"}</content>
  <iscustomizable>1</iscustomizable>
  <name>Profile</name>
  <powerpagecomponenttype>5</powerpagecomponenttype>
  <powerpagesiteid>
    <powerpagesiteid>5b95a69c-7e15-47d0-951f-adc69c2ed88a</powerpagesiteid>
  </powerpagesiteid>
  <statecode>0</statecode>
  <statuscode>1</statuscode>
</powerpagecomponent>