<powerpagecomponent powerpagecomponentid="d468222c-7699-992a-bf7b-787e6aa3819f">
  <content>{
  "filecontent": null,
  "displayorder": 5,
  "customcss": "",
  "customjavascript": "",
  "pagetemplateid": "92aa43c7-65c6-4b5b-8e24-f421212c8e02",
  "parentpageid": "ba638596-2b75-460e-aad9-2a159e3bea67",
  "partialurl": "Case-Overview-deleted",
  "isroot": true,
  "title": "Case Overview",
  "summary": "&lt;p&gt;This is a sample landing page designed to be a starting point for your website&lt;/p&gt;",
  "copy": "",
  "publishingstateid": "36d8adab-be31-44fd-a946-40c95bfe60df",
  "enablerating": false,
  "enabletracking": false,
  "excludefromsearch": false,
  "hiddenfromsitemap": true,
  "sharedpageconfiguration": false
}</content>
  <iscustomizable>1</iscustomizable>
  <name>Case Overview-deleted</name>
  <powerpagecomponenttype>2</powerpagecomponenttype>
  <powerpagesiteid>
    <powerpagesiteid>5b95a69c-7e15-47d0-951f-adc69c2ed88a</powerpagesiteid>
  </powerpagesiteid>
  <searchcontent>Case OverviewCase Overview-deleted</searchcontent>
  <statecode>1</statecode>
  <statuscode>2</statuscode>
</powerpagecomponent>