<powerpagecomponent powerpagecomponentid="dc1443c7-0552-465b-b163-bdb8d58af537">
  <content>{
  "filecontent": null,
  "copy": "&lt;div data-component-theme=\"portalThemeColor1\" class=\"row sectionBlockLayout\" style=\"padding: 8px; margin: 0px; display: flex; flex-wrap: wrap; text-align: left; min-height: auto;\"&gt;\n  &lt;div class=\"container\" style=\"padding: 0px; display: flex; flex-wrap: wrap; flex-direction: row-reverse;\"&gt;\n    &lt;div class=\"col-lg-6 columnBlockLayout\" style=\"flex-grow: 1; display: flex; flex-direction: column; min-width: 300px;\"&gt;&lt;img src=\"/Skyscrapers-shown-from-view-looking-up.jpg\" alt=\"Skyscrapers-shown-from-view-looking-up\" name=\"Skyscrapers-shown-from-view-looking-up.jpg\" style=\"width: 117%; height: 305.545px; max-width: 100%;\" /&gt;&lt;/div&gt;\n    &lt;div class=\"col-lg-6 columnBlockLayout\" style=\"flex-grow: 1; display: flex; flex-direction: column; min-width: 300px;\"&gt;\n      &lt;h2&gt;Education &amp;amp; Tech is our Business&lt;/h2&gt;\n      &lt;button onclick=\"window.location.href='/page'\" type=\"button\" value=\"/page\" class=\"button1\"&gt;Explore.............&lt;/button&gt;\n    &lt;/div&gt;\n  &lt;/div&gt;\n&lt;/div&gt;\n&lt;div data-component-theme=\"portalThemeColor3\" class=\"row sectionBlockLayout\" style=\"padding: 8px; margin: 0px; display: flex; flex-wrap: wrap; min-height: 28px;\"&gt;&lt;/div&gt;\n&lt;div class=\"row sectionBlockLayout\" style=\"padding: 8px; margin: 0px; display: flex; flex-wrap: wrap; text-align: left; min-height: auto;\"&gt;\n  &lt;div class=\"container\" style=\"padding: 0px; display: flex; flex-wrap: wrap;\"&gt;\n    &lt;div class=\"col-lg-12 columnBlockLayout\" style=\"flex-grow: 1; display: flex; flex-direction: column; min-width: 300px;\"&gt;\n      &lt;h2 style=\"text-align: center;\"&gt;Introduction section&lt;/h2&gt;\n      &lt;p style=\"text-align: center;\"&gt;Create a short paragraph that shows your target audience a clear benefit to them if they continue past this point and offer direction about the next steps&lt;/p&gt;\n    &lt;/div&gt;\n  &lt;/div&gt;\n&lt;/div&gt;\n&lt;div data-component-theme=\"portalThemeColor6\" class=\"row sectionBlockLayout\" style=\"padding: 8px; margin: 0px; display: flex; flex-wrap: wrap; min-height: 52px;\"&gt;&lt;/div&gt;\n&lt;div data-component-theme=\"portalThemeColor5\" class=\"row sectionBlockLayout\" style=\"padding: 8px; margin: 0px; display: flex; flex-wrap: wrap; height: 15px; min-height: 52px;\"&gt;&lt;/div&gt;\n&lt;div data-component-theme=\"portalThemeColor3\" class=\"row sectionBlockLayout\" style=\"padding: 8px; margin: 0px; display: flex; flex-wrap: wrap; text-align: left; min-height: auto;\"&gt;\n  &lt;div class=\"container\" style=\"padding: 0px; display: flex; flex-wrap: wrap; flex-direction: row;\"&gt;\n    &lt;div class=\"col-lg-6 columnBlockLayout\" style=\"flex-grow: 1; display: flex; flex-direction: column; min-width: 300px;\"&gt;\n      &lt;h2&gt;Showcase a video&lt;/h2&gt;\n      &lt;p&gt;Videos are optional, but are often used to summarize the benefits of a product or service. Describe the video content and give viewers a clear reason to click.&lt;/p&gt;\n      &lt;button onclick=\"window.location.href='/'\" type=\"button\" value=\"/\" class=\"button1\"&gt;Add a call to action here&lt;/button&gt;\n    &lt;/div&gt;\n    &lt;div class=\"col-lg-6 columnBlockLayout\" style=\"flex-grow: 1; display: flex; flex-direction: column; min-width: 300px;\"&gt;&lt;video allowfullscreen=\"allowfullscreen\" src=\"/Video1.mp4\" controls=\"\" autoplay=\"\" muted=\"\" style=\"max-width: 100%;\"&gt;&lt;/video&gt;&lt;/div&gt;\n  &lt;/div&gt;\n&lt;/div&gt;\n&lt;div data-component-theme=\"portalThemeColor1\" class=\"row sectionBlockLayout\" style=\"padding: 8px; margin: 0px; display: flex; flex-wrap: wrap; min-height: 52px;\"&gt;&lt;/div&gt;\n&lt;div data-component-theme=\"portalThemeColor2\" class=\"row sectionBlockLayout\" style=\"padding: 8px; margin: 0px; display: flex; flex-wrap: wrap; min-height: 52px;\"&gt;&lt;/div&gt;\n&lt;div data-component-theme=\"portalThemeColor5\" class=\"row sectionBlockLayout\" style=\"padding: 8px; margin: 0px; display: flex; flex-wrap: wrap; min-height: 52px;\"&gt;&lt;/div&gt;\n",
  "displayorder": 1,
  "enablerating": false,
  "enabletracking": false,
  "excludefromsearch": false,
  "feedbackpolicy": 756150005,
  "hiddenfromsitemap": false,
  "isroot": false,
  "pagetemplateid": "92aa43c7-65c6-4b5b-8e24-f421212c8e02",
  "partialurl": "/",
  "publishingstateid": "36d8adab-be31-44fd-a946-40c95bfe60df",
  "rootwebpageid": "ba638596-2b75-460e-aad9-2a159e3bea67",
  "sharedpageconfiguration": false,
  "summary": "&lt;p&gt;This is a sample landing page for you to start creating your website.&lt;/p&gt;",
  "title": "Home",
  "parentpageid": null
}</content>
  <iscustomizable>1</iscustomizable>
  <name>Home</name>
  <powerpagecomponenttype>2</powerpagecomponenttype>
  <powerpagesiteid>
    <powerpagesiteid>5b95a69c-7e15-47d0-951f-adc69c2ed88a</powerpagesiteid>
  </powerpagesiteid>
  <powerpagesitelanguageid>
    <powerpagesitelanguageid>f7e87396-aeca-4c58-b332-ab35c2716385</powerpagesitelanguageid>
  </powerpagesitelanguageid>
  <searchcontent>Home&lt;div data-component-theme="portalThemeColor1" class="row sectionBlockLayout" style="padding: 8px; margin: 0px; display: flex; flex-wrap: wrap; text-align: left; min-height: auto;"&gt;
  &lt;div class="container" style="padding: 0px; display: flex; flex-wrap: wrap; flex-direction: row-reverse;"&gt;
    &lt;div class="col-lg-6 columnBlockLayout" style="flex-grow: 1; display: flex; flex-direction: column; min-width: 300px;"&gt;&lt;img src="/Skyscrapers-shown-from-view-looking-up.jpg" alt="Skyscrapers-shown-from-view-looking-up" name="Skyscrapers-shown-from-view-looking-up.jpg" style="width: 117%; height: 305.545px; max-width: 100%;" /&gt;&lt;/div&gt;
    &lt;div class="col-lg-6 columnBlockLayout" style="flex-grow: 1; display: flex; flex-direction: column; min-width: 300px;"&gt;
      &lt;h2&gt;Education &amp;amp; Tech is our Business&lt;/h2&gt;
      &lt;button onclick="window.location.href='/page'" type="button" value="/page" class="button1"&gt;Explore.............&lt;/button&gt;
    &lt;/div&gt;
  &lt;/div&gt;
&lt;/div&gt;
&lt;div data-component-theme="portalThemeColor3" class="row sectionBlockLayout" style="padding: 8px; margin: 0px; display: flex; flex-wrap: wrap; min-height: 28px;"&gt;&lt;/div&gt;
&lt;div class="row sectionBlockLayout" style="padding: 8px; margin: 0px; display: flex; flex-wrap: wrap; text-align: left; min-height: auto;"&gt;
  &lt;div class="container" style="padding: 0px; display: flex; flex-wrap: wrap;"&gt;
    &lt;div class="col-lg-12 columnBlockLayout" style="flex-grow: 1; display: flex; flex-direction: column; min-width: 300px;"&gt;
      &lt;h2 style="text-align: center;"&gt;Introduction section&lt;/h2&gt;
      &lt;p style="text-align: center;"&gt;Create a short paragraph that shows your target audience a clear benefit to them if they continue past this point and offer direction about the next steps&lt;/p&gt;
    &lt;/div&gt;
  &lt;/div&gt;
&lt;/div&gt;
&lt;div data-component-theme="portalThemeColor6" class="row sectionBlockLayout" style="padding: 8px; margin: 0px; display: flex; flex-wrap: wrap; min-height: 52px;"&gt;&lt;/div&gt;
&lt;div data-component-theme="portalThemeColor5" class="row sectionBlockLayout" style="padding: 8px; margin: 0px; display: flex; flex-wrap: wrap; height: 15px; min-height: 52px;"&gt;&lt;/div&gt;
&lt;div data-component-theme="portalThemeColor3" class="row sectionBlockLayout" style="padding: 8px; margin: 0px; display: flex; flex-wrap: wrap; text-align: left; min-height: auto;"&gt;
  &lt;div class="container" style="padding: 0px; display: flex; flex-wrap: wrap; flex-direction: row;"&gt;
    &lt;div class="col-lg-6 columnBlockLayout" style="flex-grow: 1; display: flex; flex-direction: column; min-width: 300px;"&gt;
      &lt;h2&gt;Showcase a video&lt;/h2&gt;
      &lt;p&gt;Videos are optional, but are often used to summarize the benefits of a product or service. Describe the video content and give viewers a clear reason to click.&lt;/p&gt;
      &lt;button onclick="window.location.href='/'" type="button" value="/" class="button1"&gt;Add a call to action here&lt;/button&gt;
    &lt;/div&gt;
    &lt;div class="col-lg-6 columnBlockLayout" style="flex-grow: 1; display: flex; flex-direction: column; min-width: 300px;"&gt;&lt;video allowfullscreen="allowfullscreen" src="/Video1.mp4" controls="" autoplay="" muted="" style="max-width: 100%;"&gt;&lt;/video&gt;&lt;/div&gt;
  &lt;/div&gt;
&lt;/div&gt;
&lt;div data-component-theme="portalThemeColor1" class="row sectionBlockLayout" style="padding: 8px; margin: 0px; display: flex; flex-wrap: wrap; min-height: 52px;"&gt;&lt;/div&gt;
&lt;div data-component-theme="portalThemeColor2" class="row sectionBlockLayout" style="padding: 8px; margin: 0px; display: flex; flex-wrap: wrap; min-height: 52px;"&gt;&lt;/div&gt;
&lt;div data-component-theme="portalThemeColor5" class="row sectionBlockLayout" style="padding: 8px; margin: 0px; display: flex; flex-wrap: wrap; min-height: 52px;"&gt;&lt;/div&gt;
Home</searchcontent>
  <statecode>0</statecode>
  <statuscode>1</statuscode>
</powerpagecomponent>