<aiskillconfig uniquename="ais_FormFillFieldOptOut_rmb_student_rmb_phonenumber">
  <aiskill>FormFillFieldOptOut</aiskill>
  <attribute>
    <entityid.logicalname>rmb_student</entityid.logicalname>
    <logicalname>rmb_phonenumber</logicalname>
  </attribute>
  <description>rmb_Student - Phone Number Form fill opt out</description>
  <entity>
    <logicalname>rmb_student</logicalname>
  </entity>
  <iscustomizable>1</iscustomizable>
  <scope>1</scope>
  <statecode>0</statecode>
  <statuscode>1</statuscode>
</aiskillconfig>