<powerpagecomponent powerpagecomponentid="18c7850e-1e4b-4d9b-8c29-c73a92912911">
  <content>{
  "filecontent": null,
  "disablepagevalidation": false,
  "displayimageonly": false,
  "displayorder": 2,
  "displaypagechildlinks": false,
  "openinnewwindow": false,
  "pageid": "de755a64-b74e-44db-b4cf-74e9473c3b74",
  "parentweblinkid": "1375cfc3-22ad-425b-8fa2-b3ef9fe801e2",
  "publishingstateid": "36d8adab-be31-44fd-a946-40c95bfe60df",
  "robotsfollowlink": true,
  "weblinksetid": "dd1a6514-13cf-47af-a501-f92596b02835"
}</content>
  <iscustomizable>1</iscustomizable>
  <name>Subpage 2-deleted</name>
  <powerpagecomponenttype>5</powerpagecomponenttype>
  <powerpagesiteid>
    <powerpagesiteid>5b95a69c-7e15-47d0-951f-adc69c2ed88a</powerpagesiteid>
  </powerpagesiteid>
  <statecode>1</statecode>
  <statuscode>2</statuscode>
</powerpagecomponent>