<powerpagecomponent powerpagecomponentid="d5a6b7ce-abe4-4375-8589-ce72007f6381">
  <content>{"source":"{% unless placement %}\r\n  {% if id %}\r\n    {% assign placement = polls.placements[id] %}\r\n  {% elsif name %}\r\n    {% assign placement = polls.placements[name] %}\r\n  {% endif %}\r\n{% endunless %}\r\n\r\n{% if placement %}\r\n&lt;div class=\"poll\" data-url=\"{{ placement.random_url | h }}\" data-submit-url=\"{{ placement.submit_url | h }}\"&gt;&lt;/div&gt;\r\n{% endif %}"}</content>
  <iscustomizable>1</iscustomizable>
  <name>Random Poll</name>
  <powerpagecomponenttype>8</powerpagecomponenttype>
  <powerpagesiteid>
    <powerpagesiteid>5b95a69c-7e15-47d0-951f-adc69c2ed88a</powerpagesiteid>
  </powerpagesiteid>
  <statecode>0</statecode>
  <statuscode>1</statuscode>
</powerpagecomponent>