<powerpagecomponent powerpagecomponentid="d32535e4-fc46-4c22-9ee4-da96ab06260d">
  <content>{"createdOn":"2025-05-16T12:41:24.607Z","parentpageid":"ba638596-2b75-460e-aad9-2a159e3bea67","publishingstateid":"36d8adab-be31-44fd-a946-40c95bfe60df","partialurl":"Skyscrapers-shown-from-view-looking-up.jpg","title":"","summary":"","enabletracking":false,"excludefromsearch":false,"hiddenfromsitemap":false}</content>
  <filecontent mimetype="image/jpeg">Skyscrapers-shown-from-view-looking-up.jpg</filecontent>
  <iscustomizable>1</iscustomizable>
  <name>Skyscrapers-shown-from-view-looking-up.jpg</name>
  <powerpagecomponenttype>3</powerpagecomponenttype>
  <powerpagesiteid>
    <powerpagesiteid>5b95a69c-7e15-47d0-951f-adc69c2ed88a</powerpagesiteid>
  </powerpagesiteid>
  <statecode>0</statecode>
  <statuscode>1</statuscode>
</powerpagecomponent>