<powerpagecomponent powerpagecomponentid="5998bce7-ef9f-46c5-b1d5-ca6c821cc1a4">
  <content>{"disablepagevalidation":false,"displayimageonly":false,"displayorder":1,"displaypagechildlinks":false,"openinnewwindow":false,"pageid":"30480fb7-514a-47b1-b951-bb6beeebf5bc","parentweblinkid":"debfa8e3-b981-4fc1-bf24-a46ba028f028","publishingstateid":"36d8adab-be31-44fd-a946-40c95bfe60df","robotsfollowlink":true,"weblinksetid":"9ec003f4-eb44-4297-9fde-c7f36fc059de"}</content>
  <iscustomizable>1</iscustomizable>
  <name>Subpage 1</name>
  <powerpagecomponenttype>5</powerpagecomponenttype>
  <powerpagesiteid>
    <powerpagesiteid>5b95a69c-7e15-47d0-951f-adc69c2ed88a</powerpagesiteid>
  </powerpagesiteid>
  <statecode>0</statecode>
  <statuscode>1</statuscode>
</powerpagecomponent>