<powerpagecomponent powerpagecomponentid="46918265-e6d8-49dc-ad56-daf5075d5e4b">
  <content>{
  "filecontent": null,
  "displayorder": 7,
  "enablerating": false,
  "enabletracking": false,
  "excludefromsearch": false,
  "feedbackpolicy": 756150000,
  "hiddenfromsitemap": false,
  "isroot": true,
  "pagetemplateid": "92aa43c7-65c6-4b5b-8e24-f421212c8e02",
  "parentpageid": "ba638596-2b75-460e-aad9-2a159e3bea67",
  "partialurl": "contact-us",
  "publishingstateid": "36d8adab-be31-44fd-a946-40c95bfe60df",
  "sharedpageconfiguration": false
}</content>
  <iscustomizable>1</iscustomizable>
  <name>Contact us</name>
  <powerpagecomponenttype>2</powerpagecomponenttype>
  <powerpagesiteid>
    <powerpagesiteid>5b95a69c-7e15-47d0-951f-adc69c2ed88a</powerpagesiteid>
  </powerpagesiteid>
  <searchcontent>Contact us</searchcontent>
  <statecode>0</statecode>
  <statuscode>1</statuscode>
</powerpagecomponent>