<powerpagecomponent powerpagecomponentid="ecc2535d-add2-4ab9-8ad4-6a894f3c5893">
  <content>{"display_name":"Mobile Header","type":756150001,"value":"&lt;a href='~/'&gt;\r\n  {% if snippets['Logo URL'] %}&lt;img src='{{ snippets['Logo URL'] }}' alt='{{ snippets['Logo alt text'] }}' style='width: auto; height: 32px; margin: 0 10px;'&gt;{% endif %}\r\n  {% if snippets['Site name'] %}\r\n    &lt;h1 class='siteTitle custom-sitetitle'&gt;{{ snippets['Site name'] }}&lt;/h1&gt;\r\n  {% endif %}\r\n&lt;/a&gt;\r\n"}</content>
  <iscustomizable>1</iscustomizable>
  <name>Mobile Header</name>
  <powerpagecomponenttype>7</powerpagecomponenttype>
  <powerpagesiteid>
    <powerpagesiteid>5b95a69c-7e15-47d0-951f-adc69c2ed88a</powerpagesiteid>
  </powerpagesiteid>
  <powerpagesitelanguageid>
    <powerpagesitelanguageid>f7e87396-aeca-4c58-b332-ab35c2716385</powerpagesitelanguageid>
  </powerpagesitelanguageid>
  <statecode>0</statecode>
  <statuscode>1</statuscode>
</powerpagecomponent>