<powerpagecomponent powerpagecomponentid="4012d7f8-f944-43ec-b793-2c9fd560d1fc">
  <content>{"enablerating":false,"enabletracking":false,"excludefromsearch":false,"feedbackpolicy":756150000,"hiddenfromsitemap":false,"isroot":true,"pagetemplateid":"92aa43c7-65c6-4b5b-8e24-f421212c8e02","parentpageid":"ba638596-2b75-460e-aad9-2a159e3bea67","partialurl":"default-offline-page","publishingstateid":"36d8adab-be31-44fd-a946-40c95bfe60df","sharedpageconfiguration":false,"title":"Default Offline Page"}</content>
  <iscustomizable>1</iscustomizable>
  <name>Default Offline Page</name>
  <powerpagecomponenttype>2</powerpagecomponenttype>
  <powerpagesiteid>
    <powerpagesiteid>5b95a69c-7e15-47d0-951f-adc69c2ed88a</powerpagesiteid>
  </powerpagesiteid>
  <searchcontent>Default Offline PageDefault Offline Page</searchcontent>
  <statecode>0</statecode>
  <statuscode>1</statuscode>
</powerpagecomponent>