<powerpagecomponent powerpagecomponentid="5ae27367-a772-4b65-b576-50b93f687a21">
  <content>{
  "filecontent": null,
  "copy": "&lt;div data-component-theme=\"portalThemeColor6\" class=\"row sectionBlockLayout\" style=\"padding: 8px; margin: 0px; display: flex; flex-wrap: wrap; height: 15px; min-height: 15px;\"&gt;&lt;/div&gt;\n&lt;div class=\"row sectionBlockLayout\" style=\"padding: 8px; margin: 0px; display: flex; flex-wrap: wrap; text-align: left; min-height: auto;\"&gt;\n  &lt;div class=\"container\" style=\"padding: 0px; display: flex; flex-wrap: wrap;\"&gt;\n    &lt;div class=\"col-lg-12 columnBlockLayout\" style=\"flex-grow: 1; display: flex; flex-direction: column; min-width: 300px;\"&gt;&lt;h1&gt;Contact us&lt;/h1&gt;&lt;/div&gt;\n  &lt;/div&gt;\n&lt;/div&gt;\n&lt;div class=\"row sectionBlockLayout\" style=\"padding: 8px; margin: 0px; display: flex; flex-wrap: wrap; text-align: left; min-height: 374px;\"&gt;\n  &lt;div class=\"container\" style=\"padding: 0px; display: flex; flex-wrap: wrap;\"&gt;&lt;div class=\"col-lg-12 columnBlockLayout\" style=\"flex-grow: 1; display: flex; flex-direction: column; min-width: 300px;\"&gt;{% entityform name: 'simple contact us form' %}&lt;/div&gt;&lt;/div&gt;\n&lt;/div&gt;\n&lt;div data-component-theme=\"portalThemeColor2\" class=\"row sectionBlockLayout\" style=\"padding: 8px; margin: 0px; display: flex; flex-wrap: wrap; min-height: 28px;\"&gt;&lt;/div&gt;\n&lt;div data-component-theme=\"portalThemeColor6\" class=\"row sectionBlockLayout\" style=\"padding: 8px; margin: 0px; display: flex; flex-wrap: wrap; min-height: 52px;\"&gt;&lt;/div&gt;\n",
  "displayorder": 3,
  "enablerating": false,
  "enabletracking": false,
  "excludefromsearch": false,
  "feedbackpolicy": 756150000,
  "hiddenfromsitemap": false,
  "isroot": false,
  "pagetemplateid": "92aa43c7-65c6-4b5b-8e24-f421212c8e02",
  "parentpageid": "ba638596-2b75-460e-aad9-2a159e3bea67",
  "partialurl": "contact-us",
  "publishingstateid": "36d8adab-be31-44fd-a946-40c95bfe60df",
  "rootwebpageid": "46918265-e6d8-49dc-ad56-daf5075d5e4b",
  "sharedpageconfiguration": false,
  "summary": "&lt;p&gt;This is sample landing page for you to start building your website&lt;/p&gt;"
}</content>
  <iscustomizable>1</iscustomizable>
  <name>Contact us</name>
  <powerpagecomponenttype>2</powerpagecomponenttype>
  <powerpagesiteid>
    <powerpagesiteid>5b95a69c-7e15-47d0-951f-adc69c2ed88a</powerpagesiteid>
  </powerpagesiteid>
  <powerpagesitelanguageid>
    <powerpagesitelanguageid>f7e87396-aeca-4c58-b332-ab35c2716385</powerpagesitelanguageid>
  </powerpagesitelanguageid>
  <searchcontent>&lt;div data-component-theme="portalThemeColor6" class="row sectionBlockLayout" style="padding: 8px; margin: 0px; display: flex; flex-wrap: wrap; height: 15px; min-height: 15px;"&gt;&lt;/div&gt;
&lt;div class="row sectionBlockLayout" style="padding: 8px; margin: 0px; display: flex; flex-wrap: wrap; text-align: left; min-height: auto;"&gt;
  &lt;div class="container" style="padding: 0px; display: flex; flex-wrap: wrap;"&gt;
    &lt;div class="col-lg-12 columnBlockLayout" style="flex-grow: 1; display: flex; flex-direction: column; min-width: 300px;"&gt;&lt;h1&gt;Contact us&lt;/h1&gt;&lt;/div&gt;
  &lt;/div&gt;
&lt;/div&gt;
&lt;div class="row sectionBlockLayout" style="padding: 8px; margin: 0px; display: flex; flex-wrap: wrap; text-align: left; min-height: 374px;"&gt;
  &lt;div class="container" style="padding: 0px; display: flex; flex-wrap: wrap;"&gt;&lt;div class="col-lg-12 columnBlockLayout" style="flex-grow: 1; display: flex; flex-direction: column; min-width: 300px;"&gt;{% entityform name: 'simple contact us form' %}&lt;/div&gt;&lt;/div&gt;
&lt;/div&gt;
&lt;div data-component-theme="portalThemeColor2" class="row sectionBlockLayout" style="padding: 8px; margin: 0px; display: flex; flex-wrap: wrap; min-height: 28px;"&gt;&lt;/div&gt;
&lt;div data-component-theme="portalThemeColor6" class="row sectionBlockLayout" style="padding: 8px; margin: 0px; display: flex; flex-wrap: wrap; min-height: 52px;"&gt;&lt;/div&gt;
Contact us</searchcontent>
  <statecode>0</statecode>
  <statuscode>1</statuscode>
</powerpagecomponent>