<powerpagecomponent powerpagecomponentid="10a1ef5d-ee3c-4f30-b57b-31de6ae8e8d9">
  <content>{"adddescription":false,"attributelogicalname":"comments","descriptionposition":100000000,"entityform":"7788d6d6-aef6-4917-9696-71dbddd67e21","fieldisrequired":true,"ignoredefaultvalue":false,"onsavetype":100000000,"randomizeoptionsetvalues":false,"setvalueonsave":false,"type":100000000,"useattributedescriptionproperty":true}</content>
  <iscustomizable>1</iscustomizable>
  <name>simple contact us form comments</name>
  <powerpagecomponenttype>16</powerpagecomponenttype>
  <powerpagesiteid>
    <powerpagesiteid>5b95a69c-7e15-47d0-951f-adc69c2ed88a</powerpagesiteid>
  </powerpagesiteid>
  <statecode>0</statecode>
  <statuscode>1</statuscode>
</powerpagecomponent>