<powerpagecomponent powerpagecomponentid="37b560be-d27c-4ca2-8526-87096c07ac97">
  <content>{"disablepagevalidation":false,"displayimageonly":false,"displayorder":1,"displaypagechildlinks":false,"openinnewwindow":false,"pageid":"ba638596-2b75-460e-aad9-2a159e3bea67","publishingstateid":"36d8adab-be31-44fd-a946-40c95bfe60df","robotsfollowlink":true,"weblinksetid":"dd1a6514-13cf-47af-a501-f92596b02835"}</content>
  <iscustomizable>1</iscustomizable>
  <name>Home</name>
  <powerpagecomponenttype>5</powerpagecomponenttype>
  <powerpagesiteid>
    <powerpagesiteid>5b95a69c-7e15-47d0-951f-adc69c2ed88a</powerpagesiteid>
  </powerpagesiteid>
  <statecode>0</statecode>
  <statuscode>1</statuscode>
</powerpagecomponent>