<powerpagecomponent powerpagecomponentid="9eb6df5b-4ce5-42c5-8930-bb7dc6077544">
  <content>{"display_name":"Search/Facet/Rating","type":756150000,"value":"Rating"}</content>
  <iscustomizable>1</iscustomizable>
  <name>Search/Facet/Rating</name>
  <powerpagecomponenttype>7</powerpagecomponenttype>
  <powerpagesiteid>
    <powerpagesiteid>5b95a69c-7e15-47d0-951f-adc69c2ed88a</powerpagesiteid>
  </powerpagesiteid>
  <powerpagesitelanguageid>
    <powerpagesitelanguageid>f7e87396-aeca-4c58-b332-ab35c2716385</powerpagesitelanguageid>
  </powerpagesitelanguageid>
  <statecode>0</statecode>
  <statuscode>1</statuscode>
</powerpagecomponent>