<powerpagecomponent powerpagecomponentid="3d8caa26-1267-4429-9692-aa3544e42b80">
  <content>{
  "entityname": "Web Students Form",
  "entitylogicalname": "rmb_student",
  "scope": 756150000,
  "append": true,
  "appendto": true,
  "delete": true,
  "read": true,
  "create": true,
  "write": true,
  "parentrelationship": null,
  "parententitypermission": null,
  "contactrelationship": null,
  "accountrelationship": null,
  "childTablePermissions": [],
  "adx_entitypermission_webrole": [
    "3c8d68f1-22fc-408d-a1fc-1fda5830a546",
    "9f97d4d9-ad3b-4904-9707-57d05f9afd1b",
    "a60aa53b-54ea-405f-ae4a-d25e33596cc6"
  ]
}</content>
  <iscustomizable>1</iscustomizable>
  <name>Web Students Form</name>
  <powerpagecomponenttype>18</powerpagecomponenttype>
  <powerpagesiteid>
    <powerpagesiteid>5b95a69c-7e15-47d0-951f-adc69c2ed88a</powerpagesiteid>
  </powerpagesiteid>
  <statecode>0</statecode>
  <statuscode>1</statuscode>
</powerpagecomponent>