<powerpagecomponent powerpagecomponentid="8952b82c-3690-44c0-a6d9-096307beefe9">
  <content>{"disablepagevalidation":false,"displayimageonly":false,"displayorder":4,"displaypagechildlinks":false,"openinnewwindow":false,"pageid":"46918265-e6d8-49dc-ad56-daf5075d5e4b","publishingstateid":"36d8adab-be31-44fd-a946-40c95bfe60df","robotsfollowlink":true,"weblinksetid":"9ec003f4-eb44-4297-9fde-c7f36fc059de"}</content>
  <iscustomizable>1</iscustomizable>
  <name>Contact us</name>
  <powerpagecomponenttype>5</powerpagecomponenttype>
  <powerpagesiteid>
    <powerpagesiteid>5b95a69c-7e15-47d0-951f-adc69c2ed88a</powerpagesiteid>
  </powerpagesiteid>
  <statecode>0</statecode>
  <statuscode>1</statuscode>
</powerpagecomponent>