<powerpagecomponent powerpagecomponentid="930644db-b7c4-4648-a2d7-e15da2a0f6d0">
  <content>{"enablerating":false,"enabletracking":false,"excludefromsearch":true,"feedbackpolicy":756150000,"hiddenfromsitemap":true,"isroot":true,"pagetemplateid":"92aa43c7-65c6-4b5b-8e24-f421212c8e02","parentpageid":"ba638596-2b75-460e-aad9-2a159e3bea67","partialurl":"page-not-found","publishingstateid":"36d8adab-be31-44fd-a946-40c95bfe60df","sharedpageconfiguration":false}</content>
  <iscustomizable>1</iscustomizable>
  <name>Page Not Found</name>
  <powerpagecomponenttype>2</powerpagecomponenttype>
  <powerpagesiteid>
    <powerpagesiteid>5b95a69c-7e15-47d0-951f-adc69c2ed88a</powerpagesiteid>
  </powerpagesiteid>
  <searchcontent>Page Not Found</searchcontent>
  <statecode>0</statecode>
  <statuscode>1</statuscode>
</powerpagecomponent>