<powerpagecomponent powerpagecomponentid="38be9e88-f3af-4eb0-97ea-c5433ec2c645">
  <content>{
  "filecontent": null,
  "disablepagevalidation": false,
  "displayimageonly": false,
  "displayorder": 3,
  "displaypagechildlinks": false,
  "openinnewwindow": false,
  "pageid": "30480fb7-514a-47b1-b951-bb6beeebf5bc",
  "parentweblinkid": null,
  "publishingstateid": "36d8adab-be31-44fd-a946-40c95bfe60df",
  "robotsfollowlink": true,
  "weblinksetid": "dd1a6514-13cf-47af-a501-f92596b02835"
}</content>
  <iscustomizable>1</iscustomizable>
  <name>Complaints-deleted</name>
  <powerpagecomponenttype>5</powerpagecomponenttype>
  <powerpagesiteid>
    <powerpagesiteid>5b95a69c-7e15-47d0-951f-adc69c2ed88a</powerpagesiteid>
  </powerpagesiteid>
  <statecode>1</statecode>
  <statuscode>2</statuscode>
</powerpagecomponent>