<powerpagecomponent powerpagecomponentid="30480fb7-514a-47b1-b951-bb6beeebf5bc">
  <content>{
  "filecontent": null,
  "displayorder": 3,
  "enablerating": false,
  "enabletracking": false,
  "excludefromsearch": false,
  "feedbackpolicy": 756150000,
  "hiddenfromsitemap": false,
  "isroot": true,
  "pagetemplateid": "92aa43c7-65c6-4b5b-8e24-f421212c8e02",
  "parentpageid": "ba638596-2b75-460e-aad9-2a159e3bea67",
  "partialurl": "subpage-1-deleted",
  "publishingstateid": "36d8adab-be31-44fd-a946-40c95bfe60df",
  "sharedpageconfiguration": false,
  "title": "Subpage 1"
}</content>
  <iscustomizable>1</iscustomizable>
  <name>Complaints-deleted</name>
  <powerpagecomponenttype>2</powerpagecomponenttype>
  <powerpagesiteid>
    <powerpagesiteid>5b95a69c-7e15-47d0-951f-adc69c2ed88a</powerpagesiteid>
  </powerpagesiteid>
  <searchcontent>Subpage 1Complaints-deleted</searchcontent>
  <statecode>1</statecode>
  <statuscode>2</statuscode>
</powerpagecomponent>