<powerpagecomponent powerpagecomponentid="dde5df5d-46fa-46fd-afe8-65e3faf05c9b">
  <content>{"enablerating":false,"enabletracking":false,"excludefromsearch":false,"feedbackpolicy":756150000,"hiddenfromsitemap":true,"isroot":true,"pagetemplateid":"b874cc79-e23c-4af3-a1e8-45d0df46024e","parentpageid":"ba638596-2b75-460e-aad9-2a159e3bea67","partialurl":"search","publishingstateid":"36d8adab-be31-44fd-a946-40c95bfe60df","sharedpageconfiguration":false}</content>
  <iscustomizable>1</iscustomizable>
  <name>Search</name>
  <powerpagecomponenttype>2</powerpagecomponenttype>
  <powerpagesiteid>
    <powerpagesiteid>5b95a69c-7e15-47d0-951f-adc69c2ed88a</powerpagesiteid>
  </powerpagesiteid>
  <searchcontent>Search</searchcontent>
  <statecode>0</statecode>
  <statuscode>1</statuscode>
</powerpagecomponent>